patient_id,study_id,dataset_id,patient_sex,age,machine,number_of_slices,slice_thickness,pixel_spacing_xy,pixel_spacing_z,rescale_slope,rescale_intercept,Normal,Path
2361,"1,28E+73",jpr_dados,F,87.0,GE MEDICAL SYSTEMS,147,2.5,0.435546994209,1.25,1,-1024,True,D:/Backup/Mestrado/dados/JPR/dataset_jpr_train/dataset_jpr_train/1\002361
2605,"1,28E+73",jpr_dados,F,58.0,GE MEDICAL SYSTEMS,279,1.25,0.419921994209,0.625,1,-1024,True,D:/Backup/Mestrado/dados/JPR/dataset_jpr_train/dataset_jpr_train/1\002605
2532,"1,28E+73",jpr_dados,F,44.0,GE MEDICAL SYSTEMS,285,1.25,0.488281011581,0.625,1,-1024,True,D:/Backup/Mestrado/dados/JPR/dataset_jpr_train/dataset_jpr_train/1\002532
2426,"1,28E+73",jpr_dados,F,51.0,GE MEDICAL SYSTEMS,257,1.25,0.40039101243,0.625,1,-1024,True,D:/Backup/Mestrado/dados/JPR/dataset_jpr_train/dataset_jpr_train/1\002426
2584,"1,28E+73",jpr_dados,F,55.0,GE MEDICAL SYSTEMS,309,1.25,0.449218988419,0.625,1,-1024,True,D:/Backup/Mestrado/dados/JPR/dataset_jpr_train/dataset_jpr_train/1\002584
2575,"1,28E+73",jpr_dados,M,77.0,GE MEDICAL SYSTEMS,135,2.5,0.429688006639,1.25,1,-1024,True,D:/Backup/Mestrado/dados/JPR/dataset_jpr_train/dataset_jpr_train/1\002575
2399,"1,28E+73",jpr_dados,M,53.0,GE MEDICAL SYSTEMS,305,1.25,0.488281011581,0.625,1,-1024,True,D:/Backup/Mestrado/dados/JPR/dataset_jpr_train/dataset_jpr_train/1\002399
2631,"1,28E+73",jpr_dados,M,52.0,GE MEDICAL SYSTEMS,289,1.25,0.488281011581,0.625,1,-1024,True,D:/Backup/Mestrado/dados/JPR/dataset_jpr_train/dataset_jpr_train/1\002631
2494,"1,28E+73",jpr_dados,F,41.0,GE MEDICAL SYSTEMS,293,1.25,0.4375,0.625,1,-1024,True,D:/Backup/Mestrado/dados/JPR/dataset_jpr_train/dataset_jpr_train/1\002494
2627,"1,28E+73",jpr_dados,F,71.0,GE MEDICAL SYSTEMS,301,1.25,0.441406011581,0.625,1,-1024,True,D:/Backup/Mestrado/dados/JPR/dataset_jpr_train/dataset_jpr_train/1\002627
2433,"1,28E+73",jpr_dados,F,40.0,GE MEDICAL SYSTEMS,151,2.5,0.45898398757,1.25,1,-1024,True,D:/Backup/Mestrado/dados/JPR/dataset_jpr_train/dataset_jpr_train/1\002433
2487,"1,28E+73",jpr_dados,M,59.0,GE MEDICAL SYSTEMS,297,2.5,0.488281011581,0.625,1,-1024,True,D:/Backup/Mestrado/dados/JPR/dataset_jpr_train/dataset_jpr_train/1\002487
2577,"1,28E+73",jpr_dados,F,46.0,GE MEDICAL SYSTEMS,135,2.5,0.408203005791,1.25,1,-1024,True,D:/Backup/Mestrado/dados/JPR/dataset_jpr_train/dataset_jpr_train/1\002577
2553,"1,28E+73",jpr_dados,F,54.0,GE MEDICAL SYSTEMS,139,2.5,0.625,1.25,1,-1024,True,D:/Backup/Mestrado/dados/JPR/dataset_jpr_train/dataset_jpr_train/1\002553
2372,"1,28E+73",jpr_dados,F,72.0,GE MEDICAL SYSTEMS,273,1.25,0.404296994209,0.625,1,-1024,True,D:/Backup/Mestrado/dados/JPR/dataset_jpr_train/dataset_jpr_train/1\002372
2462,"1,28E+72",jpr_dados,F,56.0,GE MEDICAL SYSTEMS,295,1.25,0.445311993361,0.625,1,-1024,True,D:/Backup/Mestrado/dados/JPR/dataset_jpr_train/dataset_jpr_train/1\002462
2495,"1,28E+73",jpr_dados,F,44.0,GE MEDICAL SYSTEMS,281,1.25,0.488281011581,0.625,1,-1024,True,D:/Backup/Mestrado/dados/JPR/dataset_jpr_train/dataset_jpr_train/1\002495
2638,"1,28E+72",jpr_dados,M,53.0,GE MEDICAL SYSTEMS,145,2.5,0.488281011581,1.25,1,-1024,True,D:/Backup/Mestrado/dados/JPR/dataset_jpr_train/dataset_jpr_train/1\002638
2578,"1,28E+73",jpr_dados,M,87.0,GE MEDICAL SYSTEMS,151,2.5,0.496093988419,1.25,1,-1024,True,D:/Backup/Mestrado/dados/JPR/dataset_jpr_train/dataset_jpr_train/1\002578
2448,"1,28E+73",jpr_dados,M,74.0,GE MEDICAL SYSTEMS,149,2.5,0.44726601243,1.25,1,-1024,True,D:/Backup/Mestrado/dados/JPR/dataset_jpr_train/dataset_jpr_train/1\002448
2438,"1,28E+73",jpr_dados,F,37.0,GE MEDICAL SYSTEMS,301,1.25,0.451171994209,0.625,1,-1024,True,D:/Backup/Mestrado/dados/JPR/dataset_jpr_train/dataset_jpr_train/1\002438
2477,"1,28E+73",jpr_dados,F,55.0,GE MEDICAL SYSTEMS,139,2.5,0.429688006639,1.25,1,-1024,True,D:/Backup/Mestrado/dados/JPR/dataset_jpr_train/dataset_jpr_train/1\002477
2381,"1,28E+73",jpr_dados,F,50.0,GE MEDICAL SYSTEMS,165,2.5,0.488281011581,1.25,1,-1024,True,D:/Backup/Mestrado/dados/JPR/dataset_jpr_train/dataset_jpr_train/1\002381
2527,"1,28E+73",jpr_dados,F,39.0,GE MEDICAL SYSTEMS,269,1.25,0.40625,0.625,1,-1024,True,D:/Backup/Mestrado/dados/JPR/dataset_jpr_train/dataset_jpr_train/1\002527
2482,"1,28E+73",jpr_dados,F,61.0,GE MEDICAL SYSTEMS,261,1.25,0.39648398757,0.625,1,-1024,True,D:/Backup/Mestrado/dados/JPR/dataset_jpr_train/dataset_jpr_train/1\002482
2384,"1,28E+73",jpr_dados,F,35.0,GE MEDICAL SYSTEMS,305,1.25,0.482421994209,0.625,1,-1024,True,D:/Backup/Mestrado/dados/JPR/dataset_jpr_train/dataset_jpr_train/1\002384
2549,"1,28E+72",jpr_dados,M,64.0,GE MEDICAL SYSTEMS,149,2.5,0.488281011581,1.25,1,-1024,True,D:/Backup/Mestrado/dados/JPR/dataset_jpr_train/dataset_jpr_train/1\002549
2585,"1,28E+73",jpr_dados,F,77.0,GE MEDICAL SYSTEMS,155,2.5,0.488281011581,1.25,1,-1024,True,D:/Backup/Mestrado/dados/JPR/dataset_jpr_train/dataset_jpr_train/1\002585
2641,"1,28E+73",jpr_dados,F,41.0,GE MEDICAL SYSTEMS,281,1.25,0.4375,0.625,1,-1024,True,D:/Backup/Mestrado/dados/JPR/dataset_jpr_train/dataset_jpr_train/1\002641
2483,"1,28E+73",jpr_dados,F,39.0,GE MEDICAL SYSTEMS,149,2.5,0.410156011581,1.25,1,-1024,True,D:/Backup/Mestrado/dados/JPR/dataset_jpr_train/dataset_jpr_train/1\002483
2634,"1,28E+73",jpr_dados,F,77.0,GE MEDICAL SYSTEMS,139,2.5,0.40625,1.25,1,-1024,True,D:/Backup/Mestrado/dados/JPR/dataset_jpr_train/dataset_jpr_train/1\002634
2525,"1,28E+73",jpr_dados,F,43.0,TOSHIBA,226,1.0,0.428999990225,0.8,1,0,True,D:/Backup/Mestrado/dados/JPR/dataset_jpr_train/dataset_jpr_train/1\002525
2469,"1,28E+73",jpr_dados,F,67.0,GE MEDICAL SYSTEMS,155,2.5,0.414061993361,1.25,1,-1024,True,D:/Backup/Mestrado/dados/JPR/dataset_jpr_train/dataset_jpr_train/1\002469
2414,"1,28E+73",jpr_dados,M,30.0,GE MEDICAL SYSTEMS,139,2.5,0.433593988419,1.25,1,-1024,True,D:/Backup/Mestrado/dados/JPR/dataset_jpr_train/dataset_jpr_train/1\002414
2488,"1,28E+73",jpr_dados,M,56.0,GE MEDICAL SYSTEMS,161,2.5,0.488281011581,1.25,1,-1024,True,D:/Backup/Mestrado/dados/JPR/dataset_jpr_train/dataset_jpr_train/1\002488
2505,"1,28E+73",jpr_dados,M,61.0,GE MEDICAL SYSTEMS,269,1.25,0.421875,0.625,1,-1024,True,D:/Backup/Mestrado/dados/JPR/dataset_jpr_train/dataset_jpr_train/1\002505
2519,"1,28E+73",jpr_dados,F,64.0,GE MEDICAL SYSTEMS,155,2.5,0.419921994209,1.25,1,-1024,True,D:/Backup/Mestrado/dados/JPR/dataset_jpr_train/dataset_jpr_train/1\002519
2465,"1,28E+73",jpr_dados,F,49.0,GE MEDICAL SYSTEMS,319,1.25,0.488281011581,0.625,1,-1024,True,D:/Backup/Mestrado/dados/JPR/dataset_jpr_train/dataset_jpr_train/1\002465
2408,"1,28E+73",jpr_dados,M,61.0,GE MEDICAL SYSTEMS,265,1.25,0.625,0.625,1,-1024,True,D:/Backup/Mestrado/dados/JPR/dataset_jpr_train/dataset_jpr_train/1\002408
2614,"1,28E+73",jpr_dados,M,66.0,TOSHIBA,238,1.0,0.428999990225,0.8,1,0,True,D:/Backup/Mestrado/dados/JPR/dataset_jpr_train/dataset_jpr_train/1\002614
2378,"1,28E+73",jpr_dados,F,69.0,GE MEDICAL SYSTEMS,131,2.5,0.38476601243,1.25,1,-1024,True,D:/Backup/Mestrado/dados/JPR/dataset_jpr_train/dataset_jpr_train/1\002378
2503,"1,28E+72",jpr_dados,M,50.0,GE MEDICAL SYSTEMS,305,2.5,0.625,0.625,1,-1024,True,D:/Backup/Mestrado/dados/JPR/dataset_jpr_train/dataset_jpr_train/1\002503
2434,"1,28E+73",jpr_dados,F,52.0,GE MEDICAL SYSTEMS,127,2.5,0.488281011581,1.25,1,-1024,True,D:/Backup/Mestrado/dados/JPR/dataset_jpr_train/dataset_jpr_train/1\002434
2583,"1,28E+73",jpr_dados,F,63.0,GE MEDICAL SYSTEMS,285,1.25,0.43164101243,0.625,1,-1024,True,D:/Backup/Mestrado/dados/JPR/dataset_jpr_train/dataset_jpr_train/1\002583
2407,"1,28E+73",jpr_dados,F,37.0,GE MEDICAL SYSTEMS,114,5.0,0.419921994209,0.0221238938053097,1,-1024,True,D:/Backup/Mestrado/dados/JPR/dataset_jpr_train/dataset_jpr_train/1\002407
2498,"1,28E+73",jpr_dados,F,58.0,GE MEDICAL SYSTEMS,135,2.5,0.435546994209,1.25,1,-1024,True,D:/Backup/Mestrado/dados/JPR/dataset_jpr_train/dataset_jpr_train/1\002498
2632,"1,28E+73",jpr_dados,M,37.0,GE MEDICAL SYSTEMS,135,2.5,0.625,1.25,1,-1024,True,D:/Backup/Mestrado/dados/JPR/dataset_jpr_train/dataset_jpr_train/1\002632
2602,"1,28E+73",jpr_dados,F,76.0,GE MEDICAL SYSTEMS,301,1.25,0.488281011581,0.625,1,-1024,True,D:/Backup/Mestrado/dados/JPR/dataset_jpr_train/dataset_jpr_train/1\002602
2504,"1,28E+73",jpr_dados,M,50.0,GE MEDICAL SYSTEMS,265,1.25,0.449218988419,0.625,1,-1024,True,D:/Backup/Mestrado/dados/JPR/dataset_jpr_train/dataset_jpr_train/1\002504
2458,"1,28E+73",jpr_dados,M,77.0,GE MEDICAL SYSTEMS,133,2.5,0.435546994209,1.25,1,-1024,True,D:/Backup/Mestrado/dados/JPR/dataset_jpr_train/dataset_jpr_train/1\002458
2476,"1,28E+73",jpr_dados,F,62.0,GE MEDICAL SYSTEMS,143,2.5,0.433593988419,1.25,1,-1024,True,D:/Backup/Mestrado/dados/JPR/dataset_jpr_train/dataset_jpr_train/1\002476
2591,"1,28E+73",jpr_dados,F,86.0,GE MEDICAL SYSTEMS,147,2.5,0.43164101243,1.25,1,-1024,True,D:/Backup/Mestrado/dados/JPR/dataset_jpr_train/dataset_jpr_train/1\002591
2521,"1,28E+73",jpr_dados,F,41.0,GE MEDICAL SYSTEMS,285,1.25,0.488281011581,0.625,1,-1024,True,D:/Backup/Mestrado/dados/JPR/dataset_jpr_train/dataset_jpr_train/1\002521
2587,"1,28E+73",jpr_dados,M,63.0,GE MEDICAL SYSTEMS,277,1.25,0.42773398757,0.625,1,-1024,True,D:/Backup/Mestrado/dados/JPR/dataset_jpr_train/dataset_jpr_train/1\002587
2569,"1,28E+73",jpr_dados,F,69.0,GE MEDICAL SYSTEMS,295,1.25,0.601562023163,0.625,1,-1024,True,D:/Backup/Mestrado/dados/JPR/dataset_jpr_train/dataset_jpr_train/1\002569
2368,"1,28E+73",jpr_dados,M,63.0,GE MEDICAL SYSTEMS,305,2.5,0.507812023163,0.625,1,-1024,True,D:/Backup/Mestrado/dados/JPR/dataset_jpr_train/dataset_jpr_train/1\002368
2496,"1,28E+73",jpr_dados,F,59.0,GE MEDICAL SYSTEMS,135,2.5,0.40039101243,1.25,1,-1024,True,D:/Backup/Mestrado/dados/JPR/dataset_jpr_train/dataset_jpr_train/1\002496
2566,"1,28E+73",jpr_dados,M,77.0,GE MEDICAL SYSTEMS,307,1.25,0.45898398757,0.625,1,-1024,True,D:/Backup/Mestrado/dados/JPR/dataset_jpr_train/dataset_jpr_train/1\002566
2446,"1,28E+73",jpr_dados,F,38.0,GE MEDICAL SYSTEMS,137,2.5,0.523437976837,1.25,1,-1024,True,D:/Backup/Mestrado/dados/JPR/dataset_jpr_train/dataset_jpr_train/1\002446
2593,"1,28E+73",jpr_dados,M,84.0,GE MEDICAL SYSTEMS,151,2.5,0.488281011581,1.25,1,-1024,True,D:/Backup/Mestrado/dados/JPR/dataset_jpr_train/dataset_jpr_train/1\002593
2491,"1,28E+73",jpr_dados,M,58.0,GE MEDICAL SYSTEMS,159,2.5,0.460938006639,1.25,1,-1024,True,D:/Backup/Mestrado/dados/JPR/dataset_jpr_train/dataset_jpr_train/1\002491
2633,"1,28E+73",jpr_dados,M,37.0,GE MEDICAL SYSTEMS,149,2.5,0.564453005791,1.25,1,-1024,True,D:/Backup/Mestrado/dados/JPR/dataset_jpr_train/dataset_jpr_train/1\002633
2561,"1,28E+73",jpr_dados,M,79.0,GE MEDICAL SYSTEMS,139,2.5,0.449218988419,1.25,1,-1024,True,D:/Backup/Mestrado/dados/JPR/dataset_jpr_train/dataset_jpr_train/1\002561
2463,"1,28E+73",jpr_dados,F,46.0,GE MEDICAL SYSTEMS,241,1.25,0.488281011581,0.625,1,-1024,True,D:/Backup/Mestrado/dados/JPR/dataset_jpr_train/dataset_jpr_train/1\002463
2493,"1,28E+72",jpr_dados,M,57.0,GE MEDICAL SYSTEMS,153,2.5,0.488281011581,1.25,1,-1024,True,D:/Backup/Mestrado/dados/JPR/dataset_jpr_train/dataset_jpr_train/1\002493
2557,"1,28E+73",jpr_dados,F,77.0,GE MEDICAL SYSTEMS,275,1.25,0.41210898757,0.625,1,-1024,True,D:/Backup/Mestrado/dados/JPR/dataset_jpr_train/dataset_jpr_train/1\002557
2471,"1,28E+73",jpr_dados,F,50.0,GE MEDICAL SYSTEMS,127,2.5,0.625,1.25,1,-1024,True,D:/Backup/Mestrado/dados/JPR/dataset_jpr_train/dataset_jpr_train/1\002471
2603,"1,28E+73",jpr_dados,M,60.0,GE MEDICAL SYSTEMS,281,1.25,0.43164101243,0.625,1,-1024,True,D:/Backup/Mestrado/dados/JPR/dataset_jpr_train/dataset_jpr_train/1\002603
2363,"1,28E+73",jpr_dados,M,61.0,GE MEDICAL SYSTEMS,143,2.5,0.423828005791,1.25,1,-1024,True,D:/Backup/Mestrado/dados/JPR/dataset_jpr_train/dataset_jpr_train/1\002363
2508,"1,28E+73",jpr_dados,M,62.0,GE MEDICAL SYSTEMS,289,2.5,0.42773398757,0.625,1,-1024,True,D:/Backup/Mestrado/dados/JPR/dataset_jpr_train/dataset_jpr_train/1\002508
2552,"1,28E+73",jpr_dados,F,76.0,GE MEDICAL SYSTEMS,135,2.5,0.42773398757,1.25,1,-1024,True,D:/Backup/Mestrado/dados/JPR/dataset_jpr_train/dataset_jpr_train/1\002552
2435,"1,28E+73",jpr_dados,F,42.0,GE MEDICAL SYSTEMS,281,1.25,0.45898398757,0.625,1,-1024,True,D:/Backup/Mestrado/dados/JPR/dataset_jpr_train/dataset_jpr_train/1\002435
2582,"1,28E+73",jpr_dados,F,51.0,GE MEDICAL SYSTEMS,265,1.25,0.40039101243,0.625,1,-1024,True,D:/Backup/Mestrado/dados/JPR/dataset_jpr_train/dataset_jpr_train/1\002582
2421,"1,28E+73",jpr_dados,M,63.0,GE MEDICAL SYSTEMS,141,2.5,0.607421994209,1.25,1,-1024,True,D:/Backup/Mestrado/dados/JPR/dataset_jpr_train/dataset_jpr_train/1\002421
2422,"1,28E+73",jpr_dados,M,75.0,GE MEDICAL SYSTEMS,151,2.5,0.488281011581,1.25,1,-1024,True,D:/Backup/Mestrado/dados/JPR/dataset_jpr_train/dataset_jpr_train/1\002422
2459,"1,28E+73",jpr_dados,M,60.0,GE MEDICAL SYSTEMS,131,2.5,0.488281011581,1.25,1,-1024,True,D:/Backup/Mestrado/dados/JPR/dataset_jpr_train/dataset_jpr_train/1\002459
2377,"1,28E+73",jpr_dados,F,72.0,GE MEDICAL SYSTEMS,135,2.5,0.394531011581,1.25,1,-1024,True,D:/Backup/Mestrado/dados/JPR/dataset_jpr_train/dataset_jpr_train/1\002377
2548,"1,28E+73",jpr_dados,F,70.0,GE MEDICAL SYSTEMS,289,2.5,0.43164101243,0.625,1,-1024,True,D:/Backup/Mestrado/dados/JPR/dataset_jpr_train/dataset_jpr_train/1\002548
2619,"1,28E+72",jpr_dados,F,80.0,GE MEDICAL SYSTEMS,297,1.25,0.488281011581,0.625,1,-1024,True,D:/Backup/Mestrado/dados/JPR/dataset_jpr_train/dataset_jpr_train/1\002619
2616,"1,28E+73",jpr_dados,F,63.0,GE MEDICAL SYSTEMS,321,1.25,0.529296994209,0.625,1,-1024,True,D:/Backup/Mestrado/dados/JPR/dataset_jpr_train/dataset_jpr_train/1\002616
2489,"1,28E+73",jpr_dados,F,47.0,GE MEDICAL SYSTEMS,159,2.5,0.488281011581,1.25,1,-1024,True,D:/Backup/Mestrado/dados/JPR/dataset_jpr_train/dataset_jpr_train/1\002489
2512,"1,28E+73",jpr_dados,F,48.0,GE MEDICAL SYSTEMS,293,1.25,0.488281011581,0.625,1,-1024,True,D:/Backup/Mestrado/dados/JPR/dataset_jpr_train/dataset_jpr_train/1\002512
2562,"1,28E+73",jpr_dados,F,86.0,GE MEDICAL SYSTEMS,147,2.5,0.460938006639,1.25,1,-1024,True,D:/Backup/Mestrado/dados/JPR/dataset_jpr_train/dataset_jpr_train/1\002562
2517,"1,28E+73",jpr_dados,F,58.0,GE MEDICAL SYSTEMS,139,2.5,0.439453005791,1.25,1,-1024,True,D:/Backup/Mestrado/dados/JPR/dataset_jpr_train/dataset_jpr_train/1\002517
2551,"1,28E+73",jpr_dados,F,64.0,GE MEDICAL SYSTEMS,279,1.25,0.41601601243,0.625,1,-1024,True,D:/Backup/Mestrado/dados/JPR/dataset_jpr_train/dataset_jpr_train/1\002551
2409,"1,28E+73",jpr_dados,F,47.0,GE MEDICAL SYSTEMS,163,2.5,0.488281011581,1.25,1,-1024,True,D:/Backup/Mestrado/dados/JPR/dataset_jpr_train/dataset_jpr_train/1\002409
2417,"1,28E+72",jpr_dados,F,64.0,GE MEDICAL SYSTEMS,241,1.25,0.623046994209,0.625,1,-1024,True,D:/Backup/Mestrado/dados/JPR/dataset_jpr_train/dataset_jpr_train/1\002417
2373,"1,28E+73",jpr_dados,M,74.0,GE MEDICAL SYSTEMS,295,1.25,0.466796994209,0.625,1,-1024,True,D:/Backup/Mestrado/dados/JPR/dataset_jpr_train/dataset_jpr_train/1\002373
2518,"1,28E+73",jpr_dados,F,61.0,GE MEDICAL SYSTEMS,289,1.25,0.488281011581,0.625,1,-1024,True,D:/Backup/Mestrado/dados/JPR/dataset_jpr_train/dataset_jpr_train/1\002518
2609,"1,28E+73",jpr_dados,F,25.0,GE MEDICAL SYSTEMS,285,1.25,0.41601601243,0.625,1,-1024,True,D:/Backup/Mestrado/dados/JPR/dataset_jpr_train/dataset_jpr_train/1\002609
2389,"1,28E+73",jpr_dados,F,32.0,GE MEDICAL SYSTEMS,277,1.25,0.488281011581,0.625,1,-1024,True,D:/Backup/Mestrado/dados/JPR/dataset_jpr_train/dataset_jpr_train/1\002389
2617,"1,28E+73",jpr_dados,F,53.0,GE MEDICAL SYSTEMS,143,2.5,0.429688006639,1.25,1,-1024,True,D:/Backup/Mestrado/dados/JPR/dataset_jpr_train/dataset_jpr_train/1\002617
2413,"1,28E+73",jpr_dados,F,25.0,GE MEDICAL SYSTEMS,261,1.25,0.488281011581,0.625,1,-1024,True,D:/Backup/Mestrado/dados/JPR/dataset_jpr_train/dataset_jpr_train/1\002413
2401,"1,28E+73",jpr_dados,F,55.0,GE MEDICAL SYSTEMS,143,2.5,0.441406011581,1.25,1,-1024,True,D:/Backup/Mestrado/dados/JPR/dataset_jpr_train/dataset_jpr_train/1\002401
2436,"1,28E+73",jpr_dados,F,52.0,GE MEDICAL SYSTEMS,307,1.25,0.4375,0.625,1,-1024,True,D:/Backup/Mestrado/dados/JPR/dataset_jpr_train/dataset_jpr_train/1\002436
2506,"1,28E+73",jpr_dados,F,55.0,GE MEDICAL SYSTEMS,147,2.5,0.488281011581,1.25,1,-1024,True,D:/Backup/Mestrado/dados/JPR/dataset_jpr_train/dataset_jpr_train/1\002506
2554,"1,28E+73",jpr_dados,F,73.0,GE MEDICAL SYSTEMS,293,1.25,0.488281011581,0.625,1,-1024,True,D:/Backup/Mestrado/dados/JPR/dataset_jpr_train/dataset_jpr_train/1\002554
2475,"1,28E+73",jpr_dados,F,45.0,GE MEDICAL SYSTEMS,139,2.5,0.488281011581,1.25,1,-1024,True,D:/Backup/Mestrado/dados/JPR/dataset_jpr_train/dataset_jpr_train/1\002475
2573,"1,28E+72",jpr_dados,F,78.0,TOSHIBA,186,2.0,0.458999991417,1.0,1,0,True,D:/Backup/Mestrado/dados/JPR/dataset_jpr_train/dataset_jpr_train/1\002573
2628,"1,28E+73",jpr_dados,F,46.0,GE MEDICAL SYSTEMS,305,1.25,0.455078005791,0.625,1,-1024,True,D:/Backup/Mestrado/dados/JPR/dataset_jpr_train/dataset_jpr_train/1\002628
2364,"1,28E+73",jpr_dados,F,40.0,GE MEDICAL SYSTEMS,261,1.25,0.417968988419,0.625,1,-1024,True,D:/Backup/Mestrado/dados/JPR/dataset_jpr_train/dataset_jpr_train/1\002364
2396,"1,28E+73",jpr_dados,F,79.0,GE MEDICAL SYSTEMS,578,2.5,0.464843988419,0.074740034662045,1,-1024,True,D:/Backup/Mestrado/dados/JPR/dataset_jpr_train/dataset_jpr_train/1\002396
2395,"1,28E+73",jpr_dados,F,27.0,GE MEDICAL SYSTEMS,139,2.5,0.408203005791,1.25,1,-1024,True,D:/Backup/Mestrado/dados/JPR/dataset_jpr_train/dataset_jpr_train/1\002395
2551,"1,28E+73",jpr_dados,F,64.0,GE MEDICAL SYSTEMS,277,1.25,0.41601601243,0.625,1,-1024,True,D:/Backup/Mestrado/dados/JPR/dataset_jpr_train/dataset_jpr_train/1\002551
2533,"1,28E+73",jpr_dados,F,42.0,GE MEDICAL SYSTEMS,269,1.25,0.414061993361,0.625,1,-1024,True,D:/Backup/Mestrado/dados/JPR/dataset_jpr_train/dataset_jpr_train/1\002533
2606,"1,28E+73",jpr_dados,F,24.0,GE MEDICAL SYSTEMS,139,2.5,0.488281011581,1.25,1,-1024,True,D:/Backup/Mestrado/dados/JPR/dataset_jpr_train/dataset_jpr_train/1\002606
2516,"1,28E+73",jpr_dados,F,69.0,GE MEDICAL SYSTEMS,289,1.25,0.488281011581,0.625,1,-1024,True,D:/Backup/Mestrado/dados/JPR/dataset_jpr_train/dataset_jpr_train/1\002516
2514,"1,28E+73",jpr_dados,F,78.0,GE MEDICAL SYSTEMS,289,1.25,0.488281011581,0.625,1,-1024,True,D:/Backup/Mestrado/dados/JPR/dataset_jpr_train/dataset_jpr_train/1\002514
2595,"1,28E+73",jpr_dados,F,77.0,GE MEDICAL SYSTEMS,269,1.25,0.419921994209,0.625,1,-1024,True,D:/Backup/Mestrado/dados/JPR/dataset_jpr_train/dataset_jpr_train/1\002595
2534,"1,28E+73",jpr_dados,F,73.0,GE MEDICAL SYSTEMS,273,1.25,0.414061993361,0.625,1,-1024,True,D:/Backup/Mestrado/dados/JPR/dataset_jpr_train/dataset_jpr_train/1\002534
2376,"1,28E+70",jpr_dados,F,43.0,GE MEDICAL SYSTEMS,261,1.25,0.488281011581,0.625,1,-1024,True,D:/Backup/Mestrado/dados/JPR/dataset_jpr_train/dataset_jpr_train/1\002376
2561,"1,28E+73",jpr_dados,M,79.0,GE MEDICAL SYSTEMS,138,5.0,0.449218988419,0.9306569343065694,1,-1024,True,D:/Backup/Mestrado/dados/JPR/dataset_jpr_train/dataset_jpr_train/1\002561
2367,"1,28E+73",jpr_dados,M,50.0,GE MEDICAL SYSTEMS,329,1.25,0.488281011581,0.625,1,-1024,True,D:/Backup/Mestrado/dados/JPR/dataset_jpr_train/dataset_jpr_train/1\002367
2472,"1,28E+73",jpr_dados,F,49.0,GE MEDICAL SYSTEMS,241,1.25,0.488281011581,0.625,1,-1024,True,D:/Backup/Mestrado/dados/JPR/dataset_jpr_train/dataset_jpr_train/1\002472
2515,"1,28E+73",jpr_dados,F,61.0,GE MEDICAL SYSTEMS,289,1.25,0.488281011581,0.625,1,-1024,True,D:/Backup/Mestrado/dados/JPR/dataset_jpr_train/dataset_jpr_train/1\002515
2451,"1,28E+73",jpr_dados,F,59.0,GE MEDICAL SYSTEMS,265,1.25,0.421875,0.625,1,-1024,True,D:/Backup/Mestrado/dados/JPR/dataset_jpr_train/dataset_jpr_train/1\002451
2455,"1,28E+73",jpr_dados,M,74.0,GE MEDICAL SYSTEMS,301,1.25,0.47851601243,0.625,1,-1024,True,D:/Backup/Mestrado/dados/JPR/dataset_jpr_train/dataset_jpr_train/1\002455
2618,"1,28E+73",jpr_dados,F,43.0,GE MEDICAL SYSTEMS,145,2.5,0.488281011581,1.25,1,-1024,True,D:/Backup/Mestrado/dados/JPR/dataset_jpr_train/dataset_jpr_train/1\002618
2537,"1,28E+73",jpr_dados,F,49.0,GE MEDICAL SYSTEMS,289,1.25,0.464843988419,0.625,1,-1024,True,D:/Backup/Mestrado/dados/JPR/dataset_jpr_train/dataset_jpr_train/1\002537
2369,"1,28E+73",jpr_dados,F,67.0,GE MEDICAL SYSTEMS,293,1.25,0.453125,0.625,1,-1024,True,D:/Backup/Mestrado/dados/JPR/dataset_jpr_train/dataset_jpr_train/1\002369
2625,"1,28E+72",jpr_dados,F,79.0,GE MEDICAL SYSTEMS,143,2.5,0.488281011581,1.25,1,-1024,True,D:/Backup/Mestrado/dados/JPR/dataset_jpr_train/dataset_jpr_train/1\002625
2406,"1,28E+73",jpr_dados,F,37.0,TOSHIBA,166,2.0,0.546000003815,1.0,1,0,True,D:/Backup/Mestrado/dados/JPR/dataset_jpr_train/dataset_jpr_train/1\002406
2563,"1,28E+73",jpr_dados,F,73.0,GE MEDICAL SYSTEMS,277,1.25,0.460938006639,0.625,1,-1024,True,D:/Backup/Mestrado/dados/JPR/dataset_jpr_train/dataset_jpr_train/1\002563
2588,"1,28E+73",jpr_dados,F,77.0,GE MEDICAL SYSTEMS,133,2.5,0.488281011581,1.25,1,-1024,True,D:/Backup/Mestrado/dados/JPR/dataset_jpr_train/dataset_jpr_train/1\002588
2635,"1,28E+73",jpr_dados,F,68.0,GE MEDICAL SYSTEMS,139,2.5,0.40625,1.25,1,-1024,True,D:/Backup/Mestrado/dados/JPR/dataset_jpr_train/dataset_jpr_train/1\002635
2608,"1,28E+73",jpr_dados,F,22.0,GE MEDICAL SYSTEMS,123,2.5,0.4375,1.25,1,-1024,True,D:/Backup/Mestrado/dados/JPR/dataset_jpr_train/dataset_jpr_train/1\002608
2572,"1,28E+73",jpr_dados,F,74.0,GE MEDICAL SYSTEMS,143,2.5,0.408203005791,1.25,1,-1024,True,D:/Backup/Mestrado/dados/JPR/dataset_jpr_train/dataset_jpr_train/1\002572
2522,"1,28E+73",jpr_dados,F,36.0,GE MEDICAL SYSTEMS,265,1.25,0.5625,0.625,1,-1024,True,D:/Backup/Mestrado/dados/JPR/dataset_jpr_train/dataset_jpr_train/1\002522
2454,"1,28E+73",jpr_dados,M,66.0,GE MEDICAL SYSTEMS,309,1.25,0.488281011581,0.625,1,-1024,True,D:/Backup/Mestrado/dados/JPR/dataset_jpr_train/dataset_jpr_train/1\002454
2558,"1,28E+73",jpr_dados,M,81.0,GE MEDICAL SYSTEMS,305,2.5,0.466796994209,0.625,1,-1024,True,D:/Backup/Mestrado/dados/JPR/dataset_jpr_train/dataset_jpr_train/1\002558
2404,"1,28E+73",jpr_dados,F,36.0,GE MEDICAL SYSTEMS,144,2.5,0.488281011581,1.25,1,-1024,True,D:/Backup/Mestrado/dados/JPR/dataset_jpr_train/dataset_jpr_train/1\002404
2523,"1,28E+72",jpr_dados,F,66.0,GE MEDICAL SYSTEMS,149,2.5,0.488281011581,1.25,1,-1024,True,D:/Backup/Mestrado/dados/JPR/dataset_jpr_train/dataset_jpr_train/1\002523
2581,"1,28E+73",jpr_dados,M,73.0,GE MEDICAL SYSTEMS,253,1.25,0.625,0.625,1,-1024,True,D:/Backup/Mestrado/dados/JPR/dataset_jpr_train/dataset_jpr_train/1\002581
2486,"1,28E+73",jpr_dados,M,59.0,GE MEDICAL SYSTEMS,309,1.25,0.488281011581,0.625,1,-1024,True,D:/Backup/Mestrado/dados/JPR/dataset_jpr_train/dataset_jpr_train/1\002486
2639,"1,28E+73",jpr_dados,F,74.0,GE MEDICAL SYSTEMS,137,2.5,0.455078005791,1.25,1,-1024,True,D:/Backup/Mestrado/dados/JPR/dataset_jpr_train/dataset_jpr_train/1\002639
2565,"1,28E+73",jpr_dados,M,71.0,GE MEDICAL SYSTEMS,137,2.5,0.488281011581,1.25,1,-1024,True,D:/Backup/Mestrado/dados/JPR/dataset_jpr_train/dataset_jpr_train/1\002565
2604,"1,28E+73",jpr_dados,F,84.0,GE MEDICAL SYSTEMS,265,1.25,0.625,0.625,1,-1024,True,D:/Backup/Mestrado/dados/JPR/dataset_jpr_train/dataset_jpr_train/1\002604
2439,"1,28E+73",jpr_dados,F,42.0,GE MEDICAL SYSTEMS,293,1.25,0.47460898757,0.625,1,-1024,True,D:/Backup/Mestrado/dados/JPR/dataset_jpr_train/dataset_jpr_train/1\002439
2624,"1,28E+73",jpr_dados,F,79.0,GE MEDICAL SYSTEMS,159,2.5,0.488281011581,1.25,1,-1024,True,D:/Backup/Mestrado/dados/JPR/dataset_jpr_train/dataset_jpr_train/1\002624
2412,"1,28E+73",jpr_dados,F,51.0,GE MEDICAL SYSTEMS,159,2.5,0.488281011581,1.25,1,-1024,True,D:/Backup/Mestrado/dados/JPR/dataset_jpr_train/dataset_jpr_train/1\002412
2542,"1,28E+73",jpr_dados,F,77.0,GE MEDICAL SYSTEMS,287,1.25,0.425781011581,0.625,1,-1024,True,D:/Backup/Mestrado/dados/JPR/dataset_jpr_train/dataset_jpr_train/1\002542
2629,"1,28E+73",jpr_dados,F,52.0,GE MEDICAL SYSTEMS,133,2.5,0.404296994209,1.25,1,-1024,True,D:/Backup/Mestrado/dados/JPR/dataset_jpr_train/dataset_jpr_train/1\002629
2398,"1,28E+73",jpr_dados,M,64.0,GE MEDICAL SYSTEMS,277,1.25,0.625,0.625,1,-1024,True,D:/Backup/Mestrado/dados/JPR/dataset_jpr_train/dataset_jpr_train/1\002398
2424,"1,28E+73",jpr_dados,M,55.0,GE MEDICAL SYSTEMS,145,2.5,0.451171994209,1.25,1,-1024,True,D:/Backup/Mestrado/dados/JPR/dataset_jpr_train/dataset_jpr_train/1\002424
2637,"1,28E+72",jpr_dados,M,80.0,GE MEDICAL SYSTEMS,149,2.5,0.488281011581,1.25,1,-1024,True,D:/Backup/Mestrado/dados/JPR/dataset_jpr_train/dataset_jpr_train/1\002637
2442,"1,28E+73",jpr_dados,M,30.0,GE MEDICAL SYSTEMS,161,2.5,0.455078005791,1.25,1,-1024,True,D:/Backup/Mestrado/dados/JPR/dataset_jpr_train/dataset_jpr_train/1\002442
2467,"1,28E+73",jpr_dados,F,57.0,GE MEDICAL SYSTEMS,299,1.25,0.433593988419,0.625,1,-1024,True,D:/Backup/Mestrado/dados/JPR/dataset_jpr_train/dataset_jpr_train/1\002467
2452,"1,28E+73",jpr_dados,F,71.0,GE MEDICAL SYSTEMS,277,1.25,0.45898398757,0.625,1,-1024,True,D:/Backup/Mestrado/dados/JPR/dataset_jpr_train/dataset_jpr_train/1\002452
2415,"1,28E+73",jpr_dados,F,54.0,GE MEDICAL SYSTEMS,159,2.5,0.445311993361,1.25,1,-1024,True,D:/Backup/Mestrado/dados/JPR/dataset_jpr_train/dataset_jpr_train/1\002415
2497,"1,28E+73",jpr_dados,F,52.0,GE MEDICAL SYSTEMS,149,2.5,0.439453005791,1.25,1,-1024,True,D:/Backup/Mestrado/dados/JPR/dataset_jpr_train/dataset_jpr_train/1\002497
2576,"1,28E+73",jpr_dados,M,66.0,GE MEDICAL SYSTEMS,143,2.5,0.488281011581,1.25,1,-1024,True,D:/Backup/Mestrado/dados/JPR/dataset_jpr_train/dataset_jpr_train/1\002576
2546,"1,28E+73",jpr_dados,M,73.0,GE MEDICAL SYSTEMS,317,1.25,0.488281011581,0.625,1,-1024,True,D:/Backup/Mestrado/dados/JPR/dataset_jpr_train/dataset_jpr_train/1\002546
2418,"1,28E+73",jpr_dados,F,50.0,GE MEDICAL SYSTEMS,151,2.5,0.41210898757,1.25,1,-1024,True,D:/Backup/Mestrado/dados/JPR/dataset_jpr_train/dataset_jpr_train/1\002418
2444,"1,28E+73",jpr_dados,M,69.0,TOSHIBA,232,1.0,0.470999985933,0.7999999999999998,1,0,True,D:/Backup/Mestrado/dados/JPR/dataset_jpr_train/dataset_jpr_train/1\002444
2456,"1,28E+73",jpr_dados,M,87.0,GE MEDICAL SYSTEMS,145,2.5,0.625,1.25,1,-1024,True,D:/Backup/Mestrado/dados/JPR/dataset_jpr_train/dataset_jpr_train/1\002456
2371,"1,28E+73",jpr_dados,F,49.0,GE MEDICAL SYSTEMS,245,1.25,0.441406011581,0.625,1,-1024,True,D:/Backup/Mestrado/dados/JPR/dataset_jpr_train/dataset_jpr_train/1\002371
2567,"1,28E+73",jpr_dados,M,77.0,GE MEDICAL SYSTEMS,151,2.5,0.404296994209,1.25,1,-1024,True,D:/Backup/Mestrado/dados/JPR/dataset_jpr_train/dataset_jpr_train/1\002567
2362,"1,28E+73",jpr_dados,M,84.0,GE MEDICAL SYSTEMS,285,1.25,0.625,0.625,1,-1024,True,D:/Backup/Mestrado/dados/JPR/dataset_jpr_train/dataset_jpr_train/1\002362
2524,"1,28E+73",jpr_dados,F,44.0,GE MEDICAL SYSTEMS,293,1.25,0.423828005791,0.625,1,-1024,True,D:/Backup/Mestrado/dados/JPR/dataset_jpr_train/dataset_jpr_train/1\002524
2538,"1,28E+72",jpr_dados,F,59.0,GE MEDICAL SYSTEMS,265,1.25,0.394531011581,0.625,1,-1024,True,D:/Backup/Mestrado/dados/JPR/dataset_jpr_train/dataset_jpr_train/1\002538
2445,"1,28E+73",jpr_dados,M,59.0,GE MEDICAL SYSTEMS,133,2.5,0.435546994209,1.25,1,-1024,True,D:/Backup/Mestrado/dados/JPR/dataset_jpr_train/dataset_jpr_train/1\002445
2555,"1,28E+73",jpr_dados,M,76.0,GE MEDICAL SYSTEMS,141,2.5,0.488281011581,1.25,1,-1024,True,D:/Backup/Mestrado/dados/JPR/dataset_jpr_train/dataset_jpr_train/1\002555
2479,"1,28E+73",jpr_dados,F,42.0,GE MEDICAL SYSTEMS,277,1.25,0.439453005791,0.625,1,-1024,True,D:/Backup/Mestrado/dados/JPR/dataset_jpr_train/dataset_jpr_train/1\002479
2599,"1,28E+73",jpr_dados,M,78.0,GE MEDICAL SYSTEMS,281,2.5,0.488281011581,0.625,1,-1024,True,D:/Backup/Mestrado/dados/JPR/dataset_jpr_train/dataset_jpr_train/1\002599
2468,"1,28E+73",jpr_dados,F,39.0,GE MEDICAL SYSTEMS,143,2.5,0.4375,1.25,1,-1024,True,D:/Backup/Mestrado/dados/JPR/dataset_jpr_train/dataset_jpr_train/1\002468
2402,"1,28E+72",jpr_dados,F,53.0,GE MEDICAL SYSTEMS,265,2.5,0.40039101243,0.625,1,-1024,True,D:/Backup/Mestrado/dados/JPR/dataset_jpr_train/dataset_jpr_train/1\002402
2473,"1,28E+73",jpr_dados,M,70.0,GE MEDICAL SYSTEMS,140,5.0,0.488281011581,0.6115107913669064,1,-1024,True,D:/Backup/Mestrado/dados/JPR/dataset_jpr_train/dataset_jpr_train/1\002473
2607,"1,28E+73",jpr_dados,F,24.0,GE MEDICAL SYSTEMS,143,2.5,0.449218988419,1.25,1,-1024,True,D:/Backup/Mestrado/dados/JPR/dataset_jpr_train/dataset_jpr_train/1\002607
2598,"1,28E+73",jpr_dados,F,76.0,GE MEDICAL SYSTEMS,287,1.25,0.425781011581,0.625,1,-1024,True,D:/Backup/Mestrado/dados/JPR/dataset_jpr_train/dataset_jpr_train/1\002598
2611,"1,28E+73",jpr_dados,F,54.0,GE MEDICAL SYSTEMS,297,1.25,0.488281011581,0.625,1,-1024,True,D:/Backup/Mestrado/dados/JPR/dataset_jpr_train/dataset_jpr_train/1\002611
2597,"1,28E+73",jpr_dados,M,89.0,GE MEDICAL SYSTEMS,155,2.5,0.488281011581,1.25,1,-1024,True,D:/Backup/Mestrado/dados/JPR/dataset_jpr_train/dataset_jpr_train/1\002597
2545,"1,28E+73",jpr_dados,F,30.0,GE MEDICAL SYSTEMS,309,1.25,0.423828005791,0.625,1,-1024,True,D:/Backup/Mestrado/dados/JPR/dataset_jpr_train/dataset_jpr_train/1\002545
2492,"1,28E+71",jpr_dados,M,45.0,GE MEDICAL SYSTEMS,295,1.25,0.488281011581,0.625,1,-1024,True,D:/Backup/Mestrado/dados/JPR/dataset_jpr_train/dataset_jpr_train/1\002492
2622,"1,28E+73",jpr_dados,M,78.0,GE MEDICAL SYSTEMS,145,2.5,0.488281011581,1.25,1,-1024,True,D:/Backup/Mestrado/dados/JPR/dataset_jpr_train/dataset_jpr_train/1\002622
2466,"1,28E+73",jpr_dados,F,53.0,GE MEDICAL SYSTEMS,135,2.5,0.488281011581,1.25,1,-1024,True,D:/Backup/Mestrado/dados/JPR/dataset_jpr_train/dataset_jpr_train/1\002466
2411,"1,28E+73",jpr_dados,F,59.0,GE MEDICAL SYSTEMS,279,1.25,0.453125,0.625,1,-1024,True,D:/Backup/Mestrado/dados/JPR/dataset_jpr_train/dataset_jpr_train/1\002411
2535,"1,28E+73",jpr_dados,F,73.0,GE MEDICAL SYSTEMS,257,1.25,0.419921994209,0.625,1,-1024,True,D:/Backup/Mestrado/dados/JPR/dataset_jpr_train/dataset_jpr_train/1\002535
2528,"1,28E+73",jpr_dados,F,76.0,GE MEDICAL SYSTEMS,131,2.5,0.414061993361,1.25,1,-1024,True,D:/Backup/Mestrado/dados/JPR/dataset_jpr_train/dataset_jpr_train/1\002528
2394,"1,28E+73",jpr_dados,F,28.0,GE MEDICAL SYSTEMS,293,1.25,0.488281011581,0.625,1,-1024,True,D:/Backup/Mestrado/dados/JPR/dataset_jpr_train/dataset_jpr_train/1\002394
2461,"1,28E+73",jpr_dados,F,58.0,GE MEDICAL SYSTEMS,149,2.5,0.453125,1.25,1,-1024,True,D:/Backup/Mestrado/dados/JPR/dataset_jpr_train/dataset_jpr_train/1\002461
2511,"1,28E+73",jpr_dados,F,49.0,GE MEDICAL SYSTEMS,131,2.5,0.625,1.25,1,-1024,True,D:/Backup/Mestrado/dados/JPR/dataset_jpr_train/dataset_jpr_train/1\002511
2644,"1,28E+72",jpr_dados,F,36.0,GE MEDICAL SYSTEMS,285,1.25,0.408203005791,0.625,1,-1024,True,D:/Backup/Mestrado/dados/JPR/dataset_jpr_train/dataset_jpr_train/1\002644
2507,"1,28E+73",jpr_dados,F,48.0,GE MEDICAL SYSTEMS,141,2.5,0.410156011581,1.25,1,-1024,True,D:/Backup/Mestrado/dados/JPR/dataset_jpr_train/dataset_jpr_train/1\002507
2529,"1,28E+73",jpr_dados,M,52.0,GE MEDICAL SYSTEMS,155,2.5,0.488281011581,1.25,1,-1024,True,D:/Backup/Mestrado/dados/JPR/dataset_jpr_train/dataset_jpr_train/1\002529
2621,"1,28E+73",jpr_dados,F,53.0,GE MEDICAL SYSTEMS,277,1.25,0.417968988419,0.625,1,-1024,True,D:/Backup/Mestrado/dados/JPR/dataset_jpr_train/dataset_jpr_train/1\002621
2447,"1,28E+73",jpr_dados,F,61.0,GE MEDICAL SYSTEMS,305,1.25,0.488281011581,0.625,1,-1024,True,D:/Backup/Mestrado/dados/JPR/dataset_jpr_train/dataset_jpr_train/1\002447
2392,"1,28E+73",jpr_dados,F,52.0,GE MEDICAL SYSTEMS,151,2.5,0.488281011581,1.25,1,-1024,True,D:/Backup/Mestrado/dados/JPR/dataset_jpr_train/dataset_jpr_train/1\002392
2457,"1,28E+73",jpr_dados,M,87.0,GE MEDICAL SYSTEMS,143,2.5,0.439453005791,1.25,1,-1024,True,D:/Backup/Mestrado/dados/JPR/dataset_jpr_train/dataset_jpr_train/1\002457
2427,"1,28E+73",jpr_dados,M,78.0,GE MEDICAL SYSTEMS,307,1.25,0.59375,0.625,1,-1024,True,D:/Backup/Mestrado/dados/JPR/dataset_jpr_train/dataset_jpr_train/1\002427
2613,"1,28E+73",jpr_dados,M,41.0,GE MEDICAL SYSTEMS,153,2.5,0.457031011581,1.25,1,-1024,True,D:/Backup/Mestrado/dados/JPR/dataset_jpr_train/dataset_jpr_train/1\002613
2543,"1,28E+73",jpr_dados,M,77.0,TOSHIBA,193,2.0,0.456999987364,1.0,1,0,True,D:/Backup/Mestrado/dados/JPR/dataset_jpr_train/dataset_jpr_train/1\002543
2419,"1,28E+72",jpr_dados,F,65.0,GE MEDICAL SYSTEMS,145,2.5,0.433593988419,1.25,1,-1024,True,D:/Backup/Mestrado/dados/JPR/dataset_jpr_train/dataset_jpr_train/1\002419
2594,"1,28E+73",jpr_dados,F,61.0,GE MEDICAL SYSTEMS,321,1.25,0.451171994209,0.625,1,-1024,True,D:/Backup/Mestrado/dados/JPR/dataset_jpr_train/dataset_jpr_train/1\002594
2615,"1,28E+72",jpr_dados,M,33.0,GE MEDICAL SYSTEMS,157,2.5,0.525390982628,1.25,1,-1024,True,D:/Backup/Mestrado/dados/JPR/dataset_jpr_train/dataset_jpr_train/1\002615
2623,"1,28E+73",jpr_dados,F,79.0,GE MEDICAL SYSTEMS,298,2.5,0.488281011581,0.2146464646464646,1,-1024,True,D:/Backup/Mestrado/dados/JPR/dataset_jpr_train/dataset_jpr_train/1\002623
2386,"1,28E+73",jpr_dados,F,67.0,GE MEDICAL SYSTEMS,208,1.25,0.466796994209,0.625,1,-1024,True,D:/Backup/Mestrado/dados/JPR/dataset_jpr_train/dataset_jpr_train/1\002386
2453,"1,28E+73",jpr_dados,F,60.0,GE MEDICAL SYSTEMS,145,2.5,0.488281011581,1.25,1,-1024,True,D:/Backup/Mestrado/dados/JPR/dataset_jpr_train/dataset_jpr_train/1\002453
2626,"1,28E+73",jpr_dados,F,57.0,GE MEDICAL SYSTEMS,259,1.25,0.488281011581,0.625,1,-1024,True,D:/Backup/Mestrado/dados/JPR/dataset_jpr_train/dataset_jpr_train/1\002626
2502,"1,28E+73",jpr_dados,F,53.0,GE MEDICAL SYSTEMS,155,2.5,0.488281011581,1.25,1,-1024,True,D:/Backup/Mestrado/dados/JPR/dataset_jpr_train/dataset_jpr_train/1\002502
2388,"1,28E+73",jpr_dados,F,41.0,GE MEDICAL SYSTEMS,285,1.25,0.455078005791,0.625,1,-1024,True,D:/Backup/Mestrado/dados/JPR/dataset_jpr_train/dataset_jpr_train/1\002388
2571,"1,28E+73",jpr_dados,F,81.0,GE MEDICAL SYSTEMS,145,2.5,0.453125,1.25,1,-1024,True,D:/Backup/Mestrado/dados/JPR/dataset_jpr_train/dataset_jpr_train/1\002571
2579,"1,28E+73",jpr_dados,F,71.0,GE MEDICAL SYSTEMS,295,1.25,0.435546994209,0.625,1,-1024,True,D:/Backup/Mestrado/dados/JPR/dataset_jpr_train/dataset_jpr_train/1\002579
2374,"1,28E+73",jpr_dados,F,42.0,GE MEDICAL SYSTEMS,149,2.5,0.429688006639,1.25,1,-1024,True,D:/Backup/Mestrado/dados/JPR/dataset_jpr_train/dataset_jpr_train/1\002374
2536,"1,28E+73",jpr_dados,F,73.0,GE MEDICAL SYSTEMS,161,2.5,0.47851601243,1.25,1,-1024,True,D:/Backup/Mestrado/dados/JPR/dataset_jpr_train/dataset_jpr_train/1\002536
2441,"1,28E+73",jpr_dados,F,80.0,GE MEDICAL SYSTEMS,139,2.5,0.41601601243,1.25,1,-1024,True,D:/Backup/Mestrado/dados/JPR/dataset_jpr_train/dataset_jpr_train/1\002441
2592,"1,28E+73",jpr_dados,M,65.0,GE MEDICAL SYSTEMS,165,2.5,0.513671994209,1.25,1,-1024,True,D:/Backup/Mestrado/dados/JPR/dataset_jpr_train/dataset_jpr_train/1\002592
2425,"1,28E+72",jpr_dados,M,53.0,GE MEDICAL SYSTEMS,261,1.25,0.423828005791,0.625,1,-1024,True,D:/Backup/Mestrado/dados/JPR/dataset_jpr_train/dataset_jpr_train/1\002425
2509,"1,28E+73",jpr_dados,M,61.0,GE MEDICAL SYSTEMS,325,1.25,0.488281011581,0.625,1,-1024,True,D:/Backup/Mestrado/dados/JPR/dataset_jpr_train/dataset_jpr_train/1\002509
2544,"1,28E+73",jpr_dados,M,76.0,GE MEDICAL SYSTEMS,305,1.25,0.45898398757,0.625,1,-1024,True,D:/Backup/Mestrado/dados/JPR/dataset_jpr_train/dataset_jpr_train/1\002544
2574,"1,28E+73",jpr_dados,M,60.0,GE MEDICAL SYSTEMS,149,2.5,0.439453005791,1.25,1,-1024,True,D:/Backup/Mestrado/dados/JPR/dataset_jpr_train/dataset_jpr_train/1\002574
2366,"1,28E+73",jpr_dados,M,74.0,GE MEDICAL SYSTEMS,151,2.5,0.488281011581,1.25,1,-1024,True,D:/Backup/Mestrado/dados/JPR/dataset_jpr_train/dataset_jpr_train/1\002366
2485,"1,28E+73",jpr_dados,M,61.0,GE MEDICAL SYSTEMS,297,1.25,0.488281011581,0.625,1,-1024,True,D:/Backup/Mestrado/dados/JPR/dataset_jpr_train/dataset_jpr_train/1\002485
2586,"1,28E+73",jpr_dados,F,65.0,GE MEDICAL SYSTEMS,141,2.5,0.423828005791,1.25,1,-1024,True,D:/Backup/Mestrado/dados/JPR/dataset_jpr_train/dataset_jpr_train/1\002586
2428,"1,28E+73",jpr_dados,M,71.0,GE MEDICAL SYSTEMS,293,1.25,0.43164101243,0.625,1,-1024,True,D:/Backup/Mestrado/dados/JPR/dataset_jpr_train/dataset_jpr_train/1\002428
2481,"1,28E+73",jpr_dados,F,41.0,GE MEDICAL SYSTEMS,155,2.5,0.433593988419,1.25,1,-1024,True,D:/Backup/Mestrado/dados/JPR/dataset_jpr_train/dataset_jpr_train/1\002481
2464,"1,28E+73",jpr_dados,M,44.0,GE MEDICAL SYSTEMS,626,1.25,0.488281011581,0.019,1,-1024,True,D:/Backup/Mestrado/dados/JPR/dataset_jpr_train/dataset_jpr_train/1\002464
2432,"1,28E+72",jpr_dados,M,56.0,TOSHIBA,226,1.0,0.430000007153,0.8,1,0,True,D:/Backup/Mestrado/dados/JPR/dataset_jpr_train/dataset_jpr_train/1\002432
2612,"1,28E+73",jpr_dados,M,21.0,GE MEDICAL SYSTEMS,141,2.5,0.554687976837,1.25,1,-1024,True,D:/Backup/Mestrado/dados/JPR/dataset_jpr_train/dataset_jpr_train/1\002612
2423,"1,28E+73",jpr_dados,M,39.0,GE MEDICAL SYSTEMS,269,1.25,0.41210898757,0.625,1,-1024,True,D:/Backup/Mestrado/dados/JPR/dataset_jpr_train/dataset_jpr_train/1\002423
2643,"1,28E+73",jpr_dados,F,56.0,GE MEDICAL SYSTEMS,140,5.0,0.44335898757,0.1258992805755395,1,-1024,True,D:/Backup/Mestrado/dados/JPR/dataset_jpr_train/dataset_jpr_train/1\002643
2382,"1,28E+73",jpr_dados,F,53.0,GE MEDICAL SYSTEMS,305,1.25,0.460938006639,0.625,1,-1024,True,D:/Backup/Mestrado/dados/JPR/dataset_jpr_train/dataset_jpr_train/1\002382
2596,"1,28E+73",jpr_dados,F,64.0,GE MEDICAL SYSTEMS,278,2.5,0.439453005791,0.1444043321299639,1,-1024,True,D:/Backup/Mestrado/dados/JPR/dataset_jpr_train/dataset_jpr_train/1\002596
2478,"1,28E+73",jpr_dados,M,54.0,GE MEDICAL SYSTEMS,153,2.5,0.488281011581,1.25,1,-1024,True,D:/Backup/Mestrado/dados/JPR/dataset_jpr_train/dataset_jpr_train/1\002478
2429,"1,28E+73",jpr_dados,M,54.0,GE MEDICAL SYSTEMS,293,1.25,0.488281011581,0.625,1,-1024,True,D:/Backup/Mestrado/dados/JPR/dataset_jpr_train/dataset_jpr_train/1\002429
2564,"1,28E+73",jpr_dados,F,73.0,GE MEDICAL SYSTEMS,143,2.5,0.488281011581,1.25,1,-1024,True,D:/Backup/Mestrado/dados/JPR/dataset_jpr_train/dataset_jpr_train/1\002564
2642,"1,28E+73",jpr_dados,F,46.0,GE MEDICAL SYSTEMS,278,2.5,0.392578005791,0.0270758122743682,1,-1024,True,D:/Backup/Mestrado/dados/JPR/dataset_jpr_train/dataset_jpr_train/1\002642
2484,"1,28E+73",jpr_dados,F,44.0,GE MEDICAL SYSTEMS,131,2.5,0.488281011581,1.25,1,-1024,True,D:/Backup/Mestrado/dados/JPR/dataset_jpr_train/dataset_jpr_train/1\002484
2365,"1,28E+73",jpr_dados,F,59.0,GE MEDICAL SYSTEMS,159,2.5,0.488281011581,1.25,1,-1024,True,D:/Backup/Mestrado/dados/JPR/dataset_jpr_train/dataset_jpr_train/1\002365
2539,"1,28E+73",jpr_dados,M,60.0,GE MEDICAL SYSTEMS,281,1.25,0.488281011581,0.625,1,-1024,True,D:/Backup/Mestrado/dados/JPR/dataset_jpr_train/dataset_jpr_train/1\002539
2416,"1,28E+73",jpr_dados,F,81.0,GE MEDICAL SYSTEMS,141,2.5,0.488281011581,1.25,1,-1024,True,D:/Backup/Mestrado/dados/JPR/dataset_jpr_train/dataset_jpr_train/1\002416
2499,"1,28E+73",jpr_dados,F,48.0,GE MEDICAL SYSTEMS,309,1.25,0.44335898757,0.625,1,-1024,True,D:/Backup/Mestrado/dados/JPR/dataset_jpr_train/dataset_jpr_train/1\002499
2526,"1,28E+73",jpr_dados,F,36.0,GE MEDICAL SYSTEMS,133,2.5,0.414061993361,1.25,1,-1024,True,D:/Backup/Mestrado/dados/JPR/dataset_jpr_train/dataset_jpr_train/1\002526
2531,"1,28E+73",jpr_dados,M,53.0,GE MEDICAL SYSTEMS,167,2.5,0.509765982628,1.25,1,-1024,True,D:/Backup/Mestrado/dados/JPR/dataset_jpr_train/dataset_jpr_train/1\002531
2403,"1,28E+73",jpr_dados,F,37.0,GE MEDICAL SYSTEMS,265,1.25,0.421875,0.625,1,-1024,True,D:/Backup/Mestrado/dados/JPR/dataset_jpr_train/dataset_jpr_train/1\002403
2474,"1,28E+73",jpr_dados,F,60.0,GE MEDICAL SYSTEMS,277,1.25,0.423828005791,0.625,1,-1024,True,D:/Backup/Mestrado/dados/JPR/dataset_jpr_train/dataset_jpr_train/1\002474
2541,"1,28E+73",jpr_dados,M,83.0,GE MEDICAL SYSTEMS,145,2.5,0.44726601243,1.25,1,-1024,True,D:/Backup/Mestrado/dados/JPR/dataset_jpr_train/dataset_jpr_train/1\002541
2383,"1,28E+73",jpr_dados,F,35.0,GE MEDICAL SYSTEMS,293,1.25,0.449218988419,0.625,1,-1024,True,D:/Backup/Mestrado/dados/JPR/dataset_jpr_train/dataset_jpr_train/1\002383
2636,"1,28E+73",jpr_dados,M,80.0,TOSHIBA,181,2.0,0.481000006199,1.0,1,0,True,D:/Backup/Mestrado/dados/JPR/dataset_jpr_train/dataset_jpr_train/1\002636
