patient_id,study_id,dataset_id,patient_sex,age,machine,number_of_slices,slice_thickness,pixel_spacing_xy,pixel_spacing_z,rescale_slope,rescale_intercept,Normal,Path,png_Path,Sample
2634,"1,28E+73",jpr_dados,F,77.0,GE MEDICAL SYSTEMS,139,2.5,0.40625,1.25,1.0,-1024.0,True,D:/Backup/Mestrado/dados/JPR/dataset_jpr_train/dataset_jpr_train/1\002634,E:/unsupervised/unsupervised2/Unsupervised-Lesion-Detection-via-Image-Restoration-with-a-Normative-Prior/png_files/dataset_jpr_train/dataset_jpr_train/1/002634,train
2635,"1,28E+73",jpr_dados,F,68.0,GE MEDICAL SYSTEMS,139,2.5,0.40625,1.25,1.0,-1024.0,True,D:/Backup/Mestrado/dados/JPR/dataset_jpr_train/dataset_jpr_train/1\002635,E:/unsupervised/unsupervised2/Unsupervised-Lesion-Detection-via-Image-Restoration-with-a-Normative-Prior/png_files/dataset_jpr_train/dataset_jpr_train/1/002635,train
2453,"1,28E+73",jpr_dados,F,60.0,GE MEDICAL SYSTEMS,145,2.5,0.488281011581,1.25,1.0,-1024.0,True,D:/Backup/Mestrado/dados/JPR/dataset_jpr_train/dataset_jpr_train/1\002453,E:/unsupervised/unsupervised2/Unsupervised-Lesion-Detection-via-Image-Restoration-with-a-Normative-Prior/png_files/dataset_jpr_train/dataset_jpr_train/1/002453,train
2522,"1,28E+73",jpr_dados,F,36.0,GE MEDICAL SYSTEMS,265,1.25,0.5625,0.625,1.0,-1024.0,True,D:/Backup/Mestrado/dados/JPR/dataset_jpr_train/dataset_jpr_train/1\002522,E:/unsupervised/unsupervised2/Unsupervised-Lesion-Detection-via-Image-Restoration-with-a-Normative-Prior/png_files/dataset_jpr_train/dataset_jpr_train/1/002522,train
2432,"1,28E+72",jpr_dados,M,56.0,TOSHIBA,226,1.0,0.430000007153,0.8,1.0,0.0,True,D:/Backup/Mestrado/dados/JPR/dataset_jpr_train/dataset_jpr_train/1\002432,E:/unsupervised/unsupervised2/Unsupervised-Lesion-Detection-via-Image-Restoration-with-a-Normative-Prior/png_files/dataset_jpr_train/dataset_jpr_train/1/002432,train
2474,"1,28E+73",jpr_dados,F,60.0,GE MEDICAL SYSTEMS,277,1.25,0.423828005791,0.625,1.0,-1024.0,True,D:/Backup/Mestrado/dados/JPR/dataset_jpr_train/dataset_jpr_train/1\002474,E:/unsupervised/unsupervised2/Unsupervised-Lesion-Detection-via-Image-Restoration-with-a-Normative-Prior/png_files/dataset_jpr_train/dataset_jpr_train/1/002474,train
2637,"1,28E+72",jpr_dados,M,80.0,GE MEDICAL SYSTEMS,149,2.5,0.488281011581,1.25,1.0,-1024.0,True,D:/Backup/Mestrado/dados/JPR/dataset_jpr_train/dataset_jpr_train/1\002637,E:/unsupervised/unsupervised2/Unsupervised-Lesion-Detection-via-Image-Restoration-with-a-Normative-Prior/png_files/dataset_jpr_train/dataset_jpr_train/1/002637,train
2536,"1,28E+73",jpr_dados,F,73.0,GE MEDICAL SYSTEMS,161,2.5,0.47851601243,1.25,1.0,-1024.0,True,D:/Backup/Mestrado/dados/JPR/dataset_jpr_train/dataset_jpr_train/1\002536,E:/unsupervised/unsupervised2/Unsupervised-Lesion-Detection-via-Image-Restoration-with-a-Normative-Prior/png_files/dataset_jpr_train/dataset_jpr_train/1/002536,train
109,,physionet,F,42.0,,33,,,,,,True,D:/Mestrado/dados/Physionet/physionet_scans/ct_scans/109.nii,E:/unsupervised/unsupervised2/Unsupervised-Lesion-Detection-via-Image-Restoration-with-a-Normative-Prior/png_files/physionet/109,train
2424,"1,28E+73",jpr_dados,M,55.0,GE MEDICAL SYSTEMS,145,2.5,0.451171994209,1.25,1.0,-1024.0,True,D:/Backup/Mestrado/dados/JPR/dataset_jpr_train/dataset_jpr_train/1\002424,E:/unsupervised/unsupervised2/Unsupervised-Lesion-Detection-via-Image-Restoration-with-a-Normative-Prior/png_files/dataset_jpr_train/dataset_jpr_train/1/002424,train
2616,"1,28E+73",jpr_dados,F,63.0,GE MEDICAL SYSTEMS,321,1.25,0.529296994209,0.625,1.0,-1024.0,True,D:/Backup/Mestrado/dados/JPR/dataset_jpr_train/dataset_jpr_train/1\002616,E:/unsupervised/unsupervised2/Unsupervised-Lesion-Detection-via-Image-Restoration-with-a-Normative-Prior/png_files/dataset_jpr_train/dataset_jpr_train/1/002616,train
2581,"1,28E+73",jpr_dados,M,73.0,GE MEDICAL SYSTEMS,253,1.25,0.625,0.625,1.0,-1024.0,True,D:/Backup/Mestrado/dados/JPR/dataset_jpr_train/dataset_jpr_train/1\002581,E:/unsupervised/unsupervised2/Unsupervised-Lesion-Detection-via-Image-Restoration-with-a-Normative-Prior/png_files/dataset_jpr_train/dataset_jpr_train/1/002581,train
2636,"1,28E+73",jpr_dados,M,80.0,TOSHIBA,181,2.0,0.481000006199,1.0,1.0,0.0,True,D:/Backup/Mestrado/dados/JPR/dataset_jpr_train/dataset_jpr_train/1\002636,E:/unsupervised/unsupervised2/Unsupervised-Lesion-Detection-via-Image-Restoration-with-a-Normative-Prior/png_files/dataset_jpr_train/dataset_jpr_train/1/002636,train
120,,physionet,F,35.0,,35,,,,,,True,D:/Mestrado/dados/Physionet/physionet_scans/ct_scans/120.nii,E:/unsupervised/unsupervised2/Unsupervised-Lesion-Detection-via-Image-Restoration-with-a-Normative-Prior/png_files/physionet/120,train
2418,"1,28E+73",jpr_dados,F,50.0,GE MEDICAL SYSTEMS,151,2.5,0.41210898757,1.25,1.0,-1024.0,True,D:/Backup/Mestrado/dados/JPR/dataset_jpr_train/dataset_jpr_train/1\002418,E:/unsupervised/unsupervised2/Unsupervised-Lesion-Detection-via-Image-Restoration-with-a-Normative-Prior/png_files/dataset_jpr_train/dataset_jpr_train/1/002418,train
2398,"1,28E+73",jpr_dados,M,64.0,GE MEDICAL SYSTEMS,277,1.25,0.625,0.625,1.0,-1024.0,True,D:/Backup/Mestrado/dados/JPR/dataset_jpr_train/dataset_jpr_train/1\002398,E:/unsupervised/unsupervised2/Unsupervised-Lesion-Detection-via-Image-Restoration-with-a-Normative-Prior/png_files/dataset_jpr_train/dataset_jpr_train/1/002398,train
115,,physionet,F,31.0,,38,,,,,,True,D:/Mestrado/dados/Physionet/physionet_scans/ct_scans/115.nii,E:/unsupervised/unsupervised2/Unsupervised-Lesion-Detection-via-Image-Restoration-with-a-Normative-Prior/png_files/physionet/115,train
2491,"1,28E+73",jpr_dados,M,58.0,GE MEDICAL SYSTEMS,159,2.5,0.460938006639,1.25,1.0,-1024.0,True,D:/Backup/Mestrado/dados/JPR/dataset_jpr_train/dataset_jpr_train/1\002491,E:/unsupervised/unsupervised2/Unsupervised-Lesion-Detection-via-Image-Restoration-with-a-Normative-Prior/png_files/dataset_jpr_train/dataset_jpr_train/1/002491,train
2551,"1,28E+73",jpr_dados,F,64.0,GE MEDICAL SYSTEMS,279,1.25,0.41601601243,0.625,1.0,-1024.0,True,D:/Backup/Mestrado/dados/JPR/dataset_jpr_train/dataset_jpr_train/1\002551,E:/unsupervised/unsupervised2/Unsupervised-Lesion-Detection-via-Image-Restoration-with-a-Normative-Prior/png_files/dataset_jpr_train/dataset_jpr_train/1/002551,train
55,,physionet,F,21.0,,56,,,,,,True,D:/Mestrado/dados/Physionet/physionet_scans/ct_scans/055.nii,E:/unsupervised/unsupervised2/Unsupervised-Lesion-Detection-via-Image-Restoration-with-a-Normative-Prior/png_files/physionet/055,train
2498,"1,28E+73",jpr_dados,F,58.0,GE MEDICAL SYSTEMS,135,2.5,0.435546994209,1.25,1.0,-1024.0,True,D:/Backup/Mestrado/dados/JPR/dataset_jpr_train/dataset_jpr_train/1\002498,E:/unsupervised/unsupervised2/Unsupervised-Lesion-Detection-via-Image-Restoration-with-a-Normative-Prior/png_files/dataset_jpr_train/dataset_jpr_train/1/002498,train
2421,"1,28E+73",jpr_dados,M,63.0,GE MEDICAL SYSTEMS,141,2.5,0.607421994209,1.25,1.0,-1024.0,True,D:/Backup/Mestrado/dados/JPR/dataset_jpr_train/dataset_jpr_train/1\002421,E:/unsupervised/unsupervised2/Unsupervised-Lesion-Detection-via-Image-Restoration-with-a-Normative-Prior/png_files/dataset_jpr_train/dataset_jpr_train/1/002421,train
2511,"1,28E+73",jpr_dados,F,49.0,GE MEDICAL SYSTEMS,131,2.5,0.625,1.25,1.0,-1024.0,True,D:/Backup/Mestrado/dados/JPR/dataset_jpr_train/dataset_jpr_train/1\002511,E:/unsupervised/unsupervised2/Unsupervised-Lesion-Detection-via-Image-Restoration-with-a-Normative-Prior/png_files/dataset_jpr_train/dataset_jpr_train/1/002511,train
2468,"1,28E+73",jpr_dados,F,39.0,GE MEDICAL SYSTEMS,143,2.5,0.4375,1.25,1.0,-1024.0,True,D:/Backup/Mestrado/dados/JPR/dataset_jpr_train/dataset_jpr_train/1\002468,E:/unsupervised/unsupervised2/Unsupervised-Lesion-Detection-via-Image-Restoration-with-a-Normative-Prior/png_files/dataset_jpr_train/dataset_jpr_train/1/002468,train
119,,physionet,M,23.0,,36,,,,,,True,D:/Mestrado/dados/Physionet/physionet_scans/ct_scans/119.nii,E:/unsupervised/unsupervised2/Unsupervised-Lesion-Detection-via-Image-Restoration-with-a-Normative-Prior/png_files/physionet/119,train
2366,"1,28E+73",jpr_dados,M,74.0,GE MEDICAL SYSTEMS,151,2.5,0.488281011581,1.25,1.0,-1024.0,True,D:/Backup/Mestrado/dados/JPR/dataset_jpr_train/dataset_jpr_train/1\002366,E:/unsupervised/unsupervised2/Unsupervised-Lesion-Detection-via-Image-Restoration-with-a-Normative-Prior/png_files/dataset_jpr_train/dataset_jpr_train/1/002366,train
2618,"1,28E+73",jpr_dados,F,43.0,GE MEDICAL SYSTEMS,145,2.5,0.488281011581,1.25,1.0,-1024.0,True,D:/Backup/Mestrado/dados/JPR/dataset_jpr_train/dataset_jpr_train/1\002618,E:/unsupervised/unsupervised2/Unsupervised-Lesion-Detection-via-Image-Restoration-with-a-Normative-Prior/png_files/dataset_jpr_train/dataset_jpr_train/1/002618,train
2434,"1,28E+73",jpr_dados,F,52.0,GE MEDICAL SYSTEMS,127,2.5,0.488281011581,1.25,1.0,-1024.0,True,D:/Backup/Mestrado/dados/JPR/dataset_jpr_train/dataset_jpr_train/1\002434,E:/unsupervised/unsupervised2/Unsupervised-Lesion-Detection-via-Image-Restoration-with-a-Normative-Prior/png_files/dataset_jpr_train/dataset_jpr_train/1/002434,train
2627,"1,28E+73",jpr_dados,F,71.0,GE MEDICAL SYSTEMS,301,1.25,0.441406011581,0.625,1.0,-1024.0,True,D:/Backup/Mestrado/dados/JPR/dataset_jpr_train/dataset_jpr_train/1\002627,E:/unsupervised/unsupervised2/Unsupervised-Lesion-Detection-via-Image-Restoration-with-a-Normative-Prior/png_files/dataset_jpr_train/dataset_jpr_train/1/002627,train
2542,"1,28E+73",jpr_dados,F,77.0,GE MEDICAL SYSTEMS,287,1.25,0.425781011581,0.625,1.0,-1024.0,True,D:/Backup/Mestrado/dados/JPR/dataset_jpr_train/dataset_jpr_train/1\002542,E:/unsupervised/unsupervised2/Unsupervised-Lesion-Detection-via-Image-Restoration-with-a-Normative-Prior/png_files/dataset_jpr_train/dataset_jpr_train/1/002542,train
2381,"1,28E+73",jpr_dados,F,50.0,GE MEDICAL SYSTEMS,165,2.5,0.488281011581,1.25,1.0,-1024.0,True,D:/Backup/Mestrado/dados/JPR/dataset_jpr_train/dataset_jpr_train/1\002381,E:/unsupervised/unsupervised2/Unsupervised-Lesion-Detection-via-Image-Restoration-with-a-Normative-Prior/png_files/dataset_jpr_train/dataset_jpr_train/1/002381,train
2534,"1,28E+73",jpr_dados,F,73.0,GE MEDICAL SYSTEMS,273,1.25,0.414061993361,0.625,1.0,-1024.0,True,D:/Backup/Mestrado/dados/JPR/dataset_jpr_train/dataset_jpr_train/1\002534,E:/unsupervised/unsupervised2/Unsupervised-Lesion-Detection-via-Image-Restoration-with-a-Normative-Prior/png_files/dataset_jpr_train/dataset_jpr_train/1/002534,train
2482,"1,28E+73",jpr_dados,F,61.0,GE MEDICAL SYSTEMS,261,1.25,0.39648398757,0.625,1.0,-1024.0,True,D:/Backup/Mestrado/dados/JPR/dataset_jpr_train/dataset_jpr_train/1\002482,E:/unsupervised/unsupervised2/Unsupervised-Lesion-Detection-via-Image-Restoration-with-a-Normative-Prior/png_files/dataset_jpr_train/dataset_jpr_train/1/002482,train
2625,"1,28E+72",jpr_dados,F,79.0,GE MEDICAL SYSTEMS,143,2.5,0.488281011581,1.25,1.0,-1024.0,True,D:/Backup/Mestrado/dados/JPR/dataset_jpr_train/dataset_jpr_train/1\002625,E:/unsupervised/unsupervised2/Unsupervised-Lesion-Detection-via-Image-Restoration-with-a-Normative-Prior/png_files/dataset_jpr_train/dataset_jpr_train/1/002625,train
2411,"1,28E+73",jpr_dados,F,59.0,GE MEDICAL SYSTEMS,279,1.25,0.453125,0.625,1.0,-1024.0,True,D:/Backup/Mestrado/dados/JPR/dataset_jpr_train/dataset_jpr_train/1\002411,E:/unsupervised/unsupervised2/Unsupervised-Lesion-Detection-via-Image-Restoration-with-a-Normative-Prior/png_files/dataset_jpr_train/dataset_jpr_train/1/002411,train
2459,"1,28E+73",jpr_dados,M,60.0,GE MEDICAL SYSTEMS,131,2.5,0.488281011581,1.25,1.0,-1024.0,True,D:/Backup/Mestrado/dados/JPR/dataset_jpr_train/dataset_jpr_train/1\002459,E:/unsupervised/unsupervised2/Unsupervised-Lesion-Detection-via-Image-Restoration-with-a-Normative-Prior/png_files/dataset_jpr_train/dataset_jpr_train/1/002459,train
2526,"1,28E+73",jpr_dados,F,36.0,GE MEDICAL SYSTEMS,133,2.5,0.414061993361,1.25,1.0,-1024.0,True,D:/Backup/Mestrado/dados/JPR/dataset_jpr_train/dataset_jpr_train/1\002526,E:/unsupervised/unsupervised2/Unsupervised-Lesion-Detection-via-Image-Restoration-with-a-Normative-Prior/png_files/dataset_jpr_train/dataset_jpr_train/1/002526,train
2403,"1,28E+73",jpr_dados,F,37.0,GE MEDICAL SYSTEMS,265,1.25,0.421875,0.625,1.0,-1024.0,True,D:/Backup/Mestrado/dados/JPR/dataset_jpr_train/dataset_jpr_train/1\002403,E:/unsupervised/unsupervised2/Unsupervised-Lesion-Detection-via-Image-Restoration-with-a-Normative-Prior/png_files/dataset_jpr_train/dataset_jpr_train/1/002403,train
2399,"1,28E+73",jpr_dados,M,53.0,GE MEDICAL SYSTEMS,305,1.25,0.488281011581,0.625,1.0,-1024.0,True,D:/Backup/Mestrado/dados/JPR/dataset_jpr_train/dataset_jpr_train/1\002399,E:/unsupervised/unsupervised2/Unsupervised-Lesion-Detection-via-Image-Restoration-with-a-Normative-Prior/png_files/dataset_jpr_train/dataset_jpr_train/1/002399,train
2363,"1,28E+73",jpr_dados,M,61.0,GE MEDICAL SYSTEMS,143,2.5,0.423828005791,1.25,1.0,-1024.0,True,D:/Backup/Mestrado/dados/JPR/dataset_jpr_train/dataset_jpr_train/1\002363,E:/unsupervised/unsupervised2/Unsupervised-Lesion-Detection-via-Image-Restoration-with-a-Normative-Prior/png_files/dataset_jpr_train/dataset_jpr_train/1/002363,train
2632,"1,28E+73",jpr_dados,M,37.0,GE MEDICAL SYSTEMS,135,2.5,0.625,1.25,1.0,-1024.0,True,D:/Backup/Mestrado/dados/JPR/dataset_jpr_train/dataset_jpr_train/1\002632,E:/unsupervised/unsupervised2/Unsupervised-Lesion-Detection-via-Image-Restoration-with-a-Normative-Prior/png_files/dataset_jpr_train/dataset_jpr_train/1/002632,train
2572,"1,28E+73",jpr_dados,F,74.0,GE MEDICAL SYSTEMS,143,2.5,0.408203005791,1.25,1.0,-1024.0,True,D:/Backup/Mestrado/dados/JPR/dataset_jpr_train/dataset_jpr_train/1\002572,E:/unsupervised/unsupervised2/Unsupervised-Lesion-Detection-via-Image-Restoration-with-a-Normative-Prior/png_files/dataset_jpr_train/dataset_jpr_train/1/002572,train
2471,"1,28E+73",jpr_dados,F,50.0,GE MEDICAL SYSTEMS,127,2.5,0.625,1.25,1.0,-1024.0,True,D:/Backup/Mestrado/dados/JPR/dataset_jpr_train/dataset_jpr_train/1\002471,E:/unsupervised/unsupervised2/Unsupervised-Lesion-Detection-via-Image-Restoration-with-a-Normative-Prior/png_files/dataset_jpr_train/dataset_jpr_train/1/002471,train
2384,"1,28E+73",jpr_dados,F,35.0,GE MEDICAL SYSTEMS,305,1.25,0.482421994209,0.625,1.0,-1024.0,True,D:/Backup/Mestrado/dados/JPR/dataset_jpr_train/dataset_jpr_train/1\002384,E:/unsupervised/unsupervised2/Unsupervised-Lesion-Detection-via-Image-Restoration-with-a-Normative-Prior/png_files/dataset_jpr_train/dataset_jpr_train/1/002384,train
2515,"1,28E+73",jpr_dados,F,61.0,GE MEDICAL SYSTEMS,289,1.25,0.488281011581,0.625,1.0,-1024.0,True,D:/Backup/Mestrado/dados/JPR/dataset_jpr_train/dataset_jpr_train/1\002515,E:/unsupervised/unsupervised2/Unsupervised-Lesion-Detection-via-Image-Restoration-with-a-Normative-Prior/png_files/dataset_jpr_train/dataset_jpr_train/1/002515,train
2425,"1,28E+72",jpr_dados,M,53.0,GE MEDICAL SYSTEMS,261,1.25,0.423828005791,0.625,1.0,-1024.0,True,D:/Backup/Mestrado/dados/JPR/dataset_jpr_train/dataset_jpr_train/1\002425,E:/unsupervised/unsupervised2/Unsupervised-Lesion-Detection-via-Image-Restoration-with-a-Normative-Prior/png_files/dataset_jpr_train/dataset_jpr_train/1/002425,train
2448,"1,28E+73",jpr_dados,M,74.0,GE MEDICAL SYSTEMS,149,2.5,0.44726601243,1.25,1.0,-1024.0,True,D:/Backup/Mestrado/dados/JPR/dataset_jpr_train/dataset_jpr_train/1\002448,E:/unsupervised/unsupervised2/Unsupervised-Lesion-Detection-via-Image-Restoration-with-a-Normative-Prior/png_files/dataset_jpr_train/dataset_jpr_train/1/002448,train
2579,"1,28E+73",jpr_dados,F,71.0,GE MEDICAL SYSTEMS,295,1.25,0.435546994209,0.625,1.0,-1024.0,True,D:/Backup/Mestrado/dados/JPR/dataset_jpr_train/dataset_jpr_train/1\002579,E:/unsupervised/unsupervised2/Unsupervised-Lesion-Detection-via-Image-Restoration-with-a-Normative-Prior/png_files/dataset_jpr_train/dataset_jpr_train/1/002579,train
2598,"1,28E+73",jpr_dados,F,76.0,GE MEDICAL SYSTEMS,287,1.25,0.425781011581,0.625,1.0,-1024.0,True,D:/Backup/Mestrado/dados/JPR/dataset_jpr_train/dataset_jpr_train/1\002598,E:/unsupervised/unsupervised2/Unsupervised-Lesion-Detection-via-Image-Restoration-with-a-Normative-Prior/png_files/dataset_jpr_train/dataset_jpr_train/1/002598,train
2441,"1,28E+73",jpr_dados,F,80.0,GE MEDICAL SYSTEMS,139,2.5,0.41601601243,1.25,1.0,-1024.0,True,D:/Backup/Mestrado/dados/JPR/dataset_jpr_train/dataset_jpr_train/1\002441,E:/unsupervised/unsupervised2/Unsupervised-Lesion-Detection-via-Image-Restoration-with-a-Normative-Prior/png_files/dataset_jpr_train/dataset_jpr_train/1/002441,train
2361,"1,28E+73",jpr_dados,F,87.0,GE MEDICAL SYSTEMS,147,2.5,0.435546994209,1.25,1.0,-1024.0,True,D:/Backup/Mestrado/dados/JPR/dataset_jpr_train/dataset_jpr_train/1\002361,E:/unsupervised/unsupervised2/Unsupervised-Lesion-Detection-via-Image-Restoration-with-a-Normative-Prior/png_files/dataset_jpr_train/dataset_jpr_train/1/002361,test
2605,"1,28E+73",jpr_dados,F,58.0,GE MEDICAL SYSTEMS,279,1.25,0.419921994209,0.625,1.0,-1024.0,True,D:/Backup/Mestrado/dados/JPR/dataset_jpr_train/dataset_jpr_train/1\002605,E:/unsupervised/unsupervised2/Unsupervised-Lesion-Detection-via-Image-Restoration-with-a-Normative-Prior/png_files/dataset_jpr_train/dataset_jpr_train/1/002605,test
2532,"1,28E+73",jpr_dados,F,44.0,GE MEDICAL SYSTEMS,285,1.25,0.488281011581,0.625,1.0,-1024.0,True,D:/Backup/Mestrado/dados/JPR/dataset_jpr_train/dataset_jpr_train/1\002532,E:/unsupervised/unsupervised2/Unsupervised-Lesion-Detection-via-Image-Restoration-with-a-Normative-Prior/png_files/dataset_jpr_train/dataset_jpr_train/1/002532,test
2426,"1,28E+73",jpr_dados,F,51.0,GE MEDICAL SYSTEMS,257,1.25,0.40039101243,0.625,1.0,-1024.0,True,D:/Backup/Mestrado/dados/JPR/dataset_jpr_train/dataset_jpr_train/1\002426,E:/unsupervised/unsupervised2/Unsupervised-Lesion-Detection-via-Image-Restoration-with-a-Normative-Prior/png_files/dataset_jpr_train/dataset_jpr_train/1/002426,test
2584,"1,28E+73",jpr_dados,F,55.0,GE MEDICAL SYSTEMS,309,1.25,0.449218988419,0.625,1.0,-1024.0,True,D:/Backup/Mestrado/dados/JPR/dataset_jpr_train/dataset_jpr_train/1\002584,E:/unsupervised/unsupervised2/Unsupervised-Lesion-Detection-via-Image-Restoration-with-a-Normative-Prior/png_files/dataset_jpr_train/dataset_jpr_train/1/002584,test
2575,"1,28E+73",jpr_dados,M,77.0,GE MEDICAL SYSTEMS,135,2.5,0.429688006639,1.25,1.0,-1024.0,True,D:/Backup/Mestrado/dados/JPR/dataset_jpr_train/dataset_jpr_train/1\002575,E:/unsupervised/unsupervised2/Unsupervised-Lesion-Detection-via-Image-Restoration-with-a-Normative-Prior/png_files/dataset_jpr_train/dataset_jpr_train/1/002575,test
2631,"1,28E+73",jpr_dados,M,52.0,GE MEDICAL SYSTEMS,289,1.25,0.488281011581,0.625,1.0,-1024.0,True,D:/Backup/Mestrado/dados/JPR/dataset_jpr_train/dataset_jpr_train/1\002631,E:/unsupervised/unsupervised2/Unsupervised-Lesion-Detection-via-Image-Restoration-with-a-Normative-Prior/png_files/dataset_jpr_train/dataset_jpr_train/1/002631,test
2494,"1,28E+73",jpr_dados,F,41.0,GE MEDICAL SYSTEMS,293,1.25,0.4375,0.625,1.0,-1024.0,True,D:/Backup/Mestrado/dados/JPR/dataset_jpr_train/dataset_jpr_train/1\002494,E:/unsupervised/unsupervised2/Unsupervised-Lesion-Detection-via-Image-Restoration-with-a-Normative-Prior/png_files/dataset_jpr_train/dataset_jpr_train/1/002494,test
2433,"1,28E+73",jpr_dados,F,40.0,GE MEDICAL SYSTEMS,151,2.5,0.45898398757,1.25,1.0,-1024.0,True,D:/Backup/Mestrado/dados/JPR/dataset_jpr_train/dataset_jpr_train/1\002433,E:/unsupervised/unsupervised2/Unsupervised-Lesion-Detection-via-Image-Restoration-with-a-Normative-Prior/png_files/dataset_jpr_train/dataset_jpr_train/1/002433,test
2487,"1,28E+73",jpr_dados,M,59.0,GE MEDICAL SYSTEMS,297,2.5,0.488281011581,0.625,1.0,-1024.0,True,D:/Backup/Mestrado/dados/JPR/dataset_jpr_train/dataset_jpr_train/1\002487,E:/unsupervised/unsupervised2/Unsupervised-Lesion-Detection-via-Image-Restoration-with-a-Normative-Prior/png_files/dataset_jpr_train/dataset_jpr_train/1/002487,test
2577,"1,28E+73",jpr_dados,F,46.0,GE MEDICAL SYSTEMS,135,2.5,0.408203005791,1.25,1.0,-1024.0,True,D:/Backup/Mestrado/dados/JPR/dataset_jpr_train/dataset_jpr_train/1\002577,E:/unsupervised/unsupervised2/Unsupervised-Lesion-Detection-via-Image-Restoration-with-a-Normative-Prior/png_files/dataset_jpr_train/dataset_jpr_train/1/002577,test
2553,"1,28E+73",jpr_dados,F,54.0,GE MEDICAL SYSTEMS,139,2.5,0.625,1.25,1.0,-1024.0,True,D:/Backup/Mestrado/dados/JPR/dataset_jpr_train/dataset_jpr_train/1\002553,E:/unsupervised/unsupervised2/Unsupervised-Lesion-Detection-via-Image-Restoration-with-a-Normative-Prior/png_files/dataset_jpr_train/dataset_jpr_train/1/002553,test
2372,"1,28E+73",jpr_dados,F,72.0,GE MEDICAL SYSTEMS,273,1.25,0.404296994209,0.625,1.0,-1024.0,True,D:/Backup/Mestrado/dados/JPR/dataset_jpr_train/dataset_jpr_train/1\002372,E:/unsupervised/unsupervised2/Unsupervised-Lesion-Detection-via-Image-Restoration-with-a-Normative-Prior/png_files/dataset_jpr_train/dataset_jpr_train/1/002372,test
2462,"1,28E+72",jpr_dados,F,56.0,GE MEDICAL SYSTEMS,295,1.25,0.445311993361,0.625,1.0,-1024.0,True,D:/Backup/Mestrado/dados/JPR/dataset_jpr_train/dataset_jpr_train/1\002462,E:/unsupervised/unsupervised2/Unsupervised-Lesion-Detection-via-Image-Restoration-with-a-Normative-Prior/png_files/dataset_jpr_train/dataset_jpr_train/1/002462,test
2495,"1,28E+73",jpr_dados,F,44.0,GE MEDICAL SYSTEMS,281,1.25,0.488281011581,0.625,1.0,-1024.0,True,D:/Backup/Mestrado/dados/JPR/dataset_jpr_train/dataset_jpr_train/1\002495,E:/unsupervised/unsupervised2/Unsupervised-Lesion-Detection-via-Image-Restoration-with-a-Normative-Prior/png_files/dataset_jpr_train/dataset_jpr_train/1/002495,test
2638,"1,28E+72",jpr_dados,M,53.0,GE MEDICAL SYSTEMS,145,2.5,0.488281011581,1.25,1.0,-1024.0,True,D:/Backup/Mestrado/dados/JPR/dataset_jpr_train/dataset_jpr_train/1\002638,E:/unsupervised/unsupervised2/Unsupervised-Lesion-Detection-via-Image-Restoration-with-a-Normative-Prior/png_files/dataset_jpr_train/dataset_jpr_train/1/002638,test
2578,"1,28E+73",jpr_dados,M,87.0,GE MEDICAL SYSTEMS,151,2.5,0.496093988419,1.25,1.0,-1024.0,True,D:/Backup/Mestrado/dados/JPR/dataset_jpr_train/dataset_jpr_train/1\002578,E:/unsupervised/unsupervised2/Unsupervised-Lesion-Detection-via-Image-Restoration-with-a-Normative-Prior/png_files/dataset_jpr_train/dataset_jpr_train/1/002578,test
2438,"1,28E+73",jpr_dados,F,37.0,GE MEDICAL SYSTEMS,301,1.25,0.451171994209,0.625,1.0,-1024.0,True,D:/Backup/Mestrado/dados/JPR/dataset_jpr_train/dataset_jpr_train/1\002438,E:/unsupervised/unsupervised2/Unsupervised-Lesion-Detection-via-Image-Restoration-with-a-Normative-Prior/png_files/dataset_jpr_train/dataset_jpr_train/1/002438,test
2477,"1,28E+73",jpr_dados,F,55.0,GE MEDICAL SYSTEMS,139,2.5,0.429688006639,1.25,1.0,-1024.0,True,D:/Backup/Mestrado/dados/JPR/dataset_jpr_train/dataset_jpr_train/1\002477,E:/unsupervised/unsupervised2/Unsupervised-Lesion-Detection-via-Image-Restoration-with-a-Normative-Prior/png_files/dataset_jpr_train/dataset_jpr_train/1/002477,test
2527,"1,28E+73",jpr_dados,F,39.0,GE MEDICAL SYSTEMS,269,1.25,0.40625,0.625,1.0,-1024.0,True,D:/Backup/Mestrado/dados/JPR/dataset_jpr_train/dataset_jpr_train/1\002527,E:/unsupervised/unsupervised2/Unsupervised-Lesion-Detection-via-Image-Restoration-with-a-Normative-Prior/png_files/dataset_jpr_train/dataset_jpr_train/1/002527,test
2549,"1,28E+72",jpr_dados,M,64.0,GE MEDICAL SYSTEMS,149,2.5,0.488281011581,1.25,1.0,-1024.0,True,D:/Backup/Mestrado/dados/JPR/dataset_jpr_train/dataset_jpr_train/1\002549,E:/unsupervised/unsupervised2/Unsupervised-Lesion-Detection-via-Image-Restoration-with-a-Normative-Prior/png_files/dataset_jpr_train/dataset_jpr_train/1/002549,test
2585,"1,28E+73",jpr_dados,F,77.0,GE MEDICAL SYSTEMS,155,2.5,0.488281011581,1.25,1.0,-1024.0,True,D:/Backup/Mestrado/dados/JPR/dataset_jpr_train/dataset_jpr_train/1\002585,E:/unsupervised/unsupervised2/Unsupervised-Lesion-Detection-via-Image-Restoration-with-a-Normative-Prior/png_files/dataset_jpr_train/dataset_jpr_train/1/002585,test
2641,"1,28E+73",jpr_dados,F,41.0,GE MEDICAL SYSTEMS,281,1.25,0.4375,0.625,1.0,-1024.0,True,D:/Backup/Mestrado/dados/JPR/dataset_jpr_train/dataset_jpr_train/1\002641,E:/unsupervised/unsupervised2/Unsupervised-Lesion-Detection-via-Image-Restoration-with-a-Normative-Prior/png_files/dataset_jpr_train/dataset_jpr_train/1/002641,test
2483,"1,28E+73",jpr_dados,F,39.0,GE MEDICAL SYSTEMS,149,2.5,0.410156011581,1.25,1.0,-1024.0,True,D:/Backup/Mestrado/dados/JPR/dataset_jpr_train/dataset_jpr_train/1\002483,E:/unsupervised/unsupervised2/Unsupervised-Lesion-Detection-via-Image-Restoration-with-a-Normative-Prior/png_files/dataset_jpr_train/dataset_jpr_train/1/002483,test
2525,"1,28E+73",jpr_dados,F,43.0,TOSHIBA,226,1.0,0.428999990225,0.8,1.0,0.0,True,D:/Backup/Mestrado/dados/JPR/dataset_jpr_train/dataset_jpr_train/1\002525,E:/unsupervised/unsupervised2/Unsupervised-Lesion-Detection-via-Image-Restoration-with-a-Normative-Prior/png_files/dataset_jpr_train/dataset_jpr_train/1/002525,test
2469,"1,28E+73",jpr_dados,F,67.0,GE MEDICAL SYSTEMS,155,2.5,0.414061993361,1.25,1.0,-1024.0,True,D:/Backup/Mestrado/dados/JPR/dataset_jpr_train/dataset_jpr_train/1\002469,E:/unsupervised/unsupervised2/Unsupervised-Lesion-Detection-via-Image-Restoration-with-a-Normative-Prior/png_files/dataset_jpr_train/dataset_jpr_train/1/002469,test
2414,"1,28E+73",jpr_dados,M,30.0,GE MEDICAL SYSTEMS,139,2.5,0.433593988419,1.25,1.0,-1024.0,True,D:/Backup/Mestrado/dados/JPR/dataset_jpr_train/dataset_jpr_train/1\002414,E:/unsupervised/unsupervised2/Unsupervised-Lesion-Detection-via-Image-Restoration-with-a-Normative-Prior/png_files/dataset_jpr_train/dataset_jpr_train/1/002414,test
2488,"1,28E+73",jpr_dados,M,56.0,GE MEDICAL SYSTEMS,161,2.5,0.488281011581,1.25,1.0,-1024.0,True,D:/Backup/Mestrado/dados/JPR/dataset_jpr_train/dataset_jpr_train/1\002488,E:/unsupervised/unsupervised2/Unsupervised-Lesion-Detection-via-Image-Restoration-with-a-Normative-Prior/png_files/dataset_jpr_train/dataset_jpr_train/1/002488,test
2505,"1,28E+73",jpr_dados,M,61.0,GE MEDICAL SYSTEMS,269,1.25,0.421875,0.625,1.0,-1024.0,True,D:/Backup/Mestrado/dados/JPR/dataset_jpr_train/dataset_jpr_train/1\002505,E:/unsupervised/unsupervised2/Unsupervised-Lesion-Detection-via-Image-Restoration-with-a-Normative-Prior/png_files/dataset_jpr_train/dataset_jpr_train/1/002505,test
2519,"1,28E+73",jpr_dados,F,64.0,GE MEDICAL SYSTEMS,155,2.5,0.419921994209,1.25,1.0,-1024.0,True,D:/Backup/Mestrado/dados/JPR/dataset_jpr_train/dataset_jpr_train/1\002519,E:/unsupervised/unsupervised2/Unsupervised-Lesion-Detection-via-Image-Restoration-with-a-Normative-Prior/png_files/dataset_jpr_train/dataset_jpr_train/1/002519,test
2465,"1,28E+73",jpr_dados,F,49.0,GE MEDICAL SYSTEMS,319,1.25,0.488281011581,0.625,1.0,-1024.0,True,D:/Backup/Mestrado/dados/JPR/dataset_jpr_train/dataset_jpr_train/1\002465,E:/unsupervised/unsupervised2/Unsupervised-Lesion-Detection-via-Image-Restoration-with-a-Normative-Prior/png_files/dataset_jpr_train/dataset_jpr_train/1/002465,test
2408,"1,28E+73",jpr_dados,M,61.0,GE MEDICAL SYSTEMS,265,1.25,0.625,0.625,1.0,-1024.0,True,D:/Backup/Mestrado/dados/JPR/dataset_jpr_train/dataset_jpr_train/1\002408,E:/unsupervised/unsupervised2/Unsupervised-Lesion-Detection-via-Image-Restoration-with-a-Normative-Prior/png_files/dataset_jpr_train/dataset_jpr_train/1/002408,test
2614,"1,28E+73",jpr_dados,M,66.0,TOSHIBA,238,1.0,0.428999990225,0.8,1.0,0.0,True,D:/Backup/Mestrado/dados/JPR/dataset_jpr_train/dataset_jpr_train/1\002614,E:/unsupervised/unsupervised2/Unsupervised-Lesion-Detection-via-Image-Restoration-with-a-Normative-Prior/png_files/dataset_jpr_train/dataset_jpr_train/1/002614,test
2378,"1,28E+73",jpr_dados,F,69.0,GE MEDICAL SYSTEMS,131,2.5,0.38476601243,1.25,1.0,-1024.0,True,D:/Backup/Mestrado/dados/JPR/dataset_jpr_train/dataset_jpr_train/1\002378,E:/unsupervised/unsupervised2/Unsupervised-Lesion-Detection-via-Image-Restoration-with-a-Normative-Prior/png_files/dataset_jpr_train/dataset_jpr_train/1/002378,test
2503,"1,28E+72",jpr_dados,M,50.0,GE MEDICAL SYSTEMS,305,2.5,0.625,0.625,1.0,-1024.0,True,D:/Backup/Mestrado/dados/JPR/dataset_jpr_train/dataset_jpr_train/1\002503,E:/unsupervised/unsupervised2/Unsupervised-Lesion-Detection-via-Image-Restoration-with-a-Normative-Prior/png_files/dataset_jpr_train/dataset_jpr_train/1/002503,test
2583,"1,28E+73",jpr_dados,F,63.0,GE MEDICAL SYSTEMS,285,1.25,0.43164101243,0.625,1.0,-1024.0,True,D:/Backup/Mestrado/dados/JPR/dataset_jpr_train/dataset_jpr_train/1\002583,E:/unsupervised/unsupervised2/Unsupervised-Lesion-Detection-via-Image-Restoration-with-a-Normative-Prior/png_files/dataset_jpr_train/dataset_jpr_train/1/002583,test
2407,"1,28E+73",jpr_dados,F,37.0,GE MEDICAL SYSTEMS,114,5.0,0.419921994209,0.0221238938053097,1.0,-1024.0,True,D:/Backup/Mestrado/dados/JPR/dataset_jpr_train/dataset_jpr_train/1\002407,E:/unsupervised/unsupervised2/Unsupervised-Lesion-Detection-via-Image-Restoration-with-a-Normative-Prior/png_files/dataset_jpr_train/dataset_jpr_train/1/002407,test
2602,"1,28E+73",jpr_dados,F,76.0,GE MEDICAL SYSTEMS,301,1.25,0.488281011581,0.625,1.0,-1024.0,True,D:/Backup/Mestrado/dados/JPR/dataset_jpr_train/dataset_jpr_train/1\002602,E:/unsupervised/unsupervised2/Unsupervised-Lesion-Detection-via-Image-Restoration-with-a-Normative-Prior/png_files/dataset_jpr_train/dataset_jpr_train/1/002602,test
2504,"1,28E+73",jpr_dados,M,50.0,GE MEDICAL SYSTEMS,265,1.25,0.449218988419,0.625,1.0,-1024.0,True,D:/Backup/Mestrado/dados/JPR/dataset_jpr_train/dataset_jpr_train/1\002504,E:/unsupervised/unsupervised2/Unsupervised-Lesion-Detection-via-Image-Restoration-with-a-Normative-Prior/png_files/dataset_jpr_train/dataset_jpr_train/1/002504,test
2458,"1,28E+73",jpr_dados,M,77.0,GE MEDICAL SYSTEMS,133,2.5,0.435546994209,1.25,1.0,-1024.0,True,D:/Backup/Mestrado/dados/JPR/dataset_jpr_train/dataset_jpr_train/1\002458,E:/unsupervised/unsupervised2/Unsupervised-Lesion-Detection-via-Image-Restoration-with-a-Normative-Prior/png_files/dataset_jpr_train/dataset_jpr_train/1/002458,test
2476,"1,28E+73",jpr_dados,F,62.0,GE MEDICAL SYSTEMS,143,2.5,0.433593988419,1.25,1.0,-1024.0,True,D:/Backup/Mestrado/dados/JPR/dataset_jpr_train/dataset_jpr_train/1\002476,E:/unsupervised/unsupervised2/Unsupervised-Lesion-Detection-via-Image-Restoration-with-a-Normative-Prior/png_files/dataset_jpr_train/dataset_jpr_train/1/002476,test
2591,"1,28E+73",jpr_dados,F,86.0,GE MEDICAL SYSTEMS,147,2.5,0.43164101243,1.25,1.0,-1024.0,True,D:/Backup/Mestrado/dados/JPR/dataset_jpr_train/dataset_jpr_train/1\002591,E:/unsupervised/unsupervised2/Unsupervised-Lesion-Detection-via-Image-Restoration-with-a-Normative-Prior/png_files/dataset_jpr_train/dataset_jpr_train/1/002591,test
2521,"1,28E+73",jpr_dados,F,41.0,GE MEDICAL SYSTEMS,285,1.25,0.488281011581,0.625,1.0,-1024.0,True,D:/Backup/Mestrado/dados/JPR/dataset_jpr_train/dataset_jpr_train/1\002521,E:/unsupervised/unsupervised2/Unsupervised-Lesion-Detection-via-Image-Restoration-with-a-Normative-Prior/png_files/dataset_jpr_train/dataset_jpr_train/1/002521,test
2587,"1,28E+73",jpr_dados,M,63.0,GE MEDICAL SYSTEMS,277,1.25,0.42773398757,0.625,1.0,-1024.0,True,D:/Backup/Mestrado/dados/JPR/dataset_jpr_train/dataset_jpr_train/1\002587,E:/unsupervised/unsupervised2/Unsupervised-Lesion-Detection-via-Image-Restoration-with-a-Normative-Prior/png_files/dataset_jpr_train/dataset_jpr_train/1/002587,test
2569,"1,28E+73",jpr_dados,F,69.0,GE MEDICAL SYSTEMS,295,1.25,0.601562023163,0.625,1.0,-1024.0,True,D:/Backup/Mestrado/dados/JPR/dataset_jpr_train/dataset_jpr_train/1\002569,E:/unsupervised/unsupervised2/Unsupervised-Lesion-Detection-via-Image-Restoration-with-a-Normative-Prior/png_files/dataset_jpr_train/dataset_jpr_train/1/002569,test
2368,"1,28E+73",jpr_dados,M,63.0,GE MEDICAL SYSTEMS,305,2.5,0.507812023163,0.625,1.0,-1024.0,True,D:/Backup/Mestrado/dados/JPR/dataset_jpr_train/dataset_jpr_train/1\002368,E:/unsupervised/unsupervised2/Unsupervised-Lesion-Detection-via-Image-Restoration-with-a-Normative-Prior/png_files/dataset_jpr_train/dataset_jpr_train/1/002368,test
2496,"1,28E+73",jpr_dados,F,59.0,GE MEDICAL SYSTEMS,135,2.5,0.40039101243,1.25,1.0,-1024.0,True,D:/Backup/Mestrado/dados/JPR/dataset_jpr_train/dataset_jpr_train/1\002496,E:/unsupervised/unsupervised2/Unsupervised-Lesion-Detection-via-Image-Restoration-with-a-Normative-Prior/png_files/dataset_jpr_train/dataset_jpr_train/1/002496,test
2566,"1,28E+73",jpr_dados,M,77.0,GE MEDICAL SYSTEMS,307,1.25,0.45898398757,0.625,1.0,-1024.0,True,D:/Backup/Mestrado/dados/JPR/dataset_jpr_train/dataset_jpr_train/1\002566,E:/unsupervised/unsupervised2/Unsupervised-Lesion-Detection-via-Image-Restoration-with-a-Normative-Prior/png_files/dataset_jpr_train/dataset_jpr_train/1/002566,test
2446,"1,28E+73",jpr_dados,F,38.0,GE MEDICAL SYSTEMS,137,2.5,0.523437976837,1.25,1.0,-1024.0,True,D:/Backup/Mestrado/dados/JPR/dataset_jpr_train/dataset_jpr_train/1\002446,E:/unsupervised/unsupervised2/Unsupervised-Lesion-Detection-via-Image-Restoration-with-a-Normative-Prior/png_files/dataset_jpr_train/dataset_jpr_train/1/002446,test
2593,"1,28E+73",jpr_dados,M,84.0,GE MEDICAL SYSTEMS,151,2.5,0.488281011581,1.25,1.0,-1024.0,True,D:/Backup/Mestrado/dados/JPR/dataset_jpr_train/dataset_jpr_train/1\002593,E:/unsupervised/unsupervised2/Unsupervised-Lesion-Detection-via-Image-Restoration-with-a-Normative-Prior/png_files/dataset_jpr_train/dataset_jpr_train/1/002593,test
2633,"1,28E+73",jpr_dados,M,37.0,GE MEDICAL SYSTEMS,149,2.5,0.564453005791,1.25,1.0,-1024.0,True,D:/Backup/Mestrado/dados/JPR/dataset_jpr_train/dataset_jpr_train/1\002633,E:/unsupervised/unsupervised2/Unsupervised-Lesion-Detection-via-Image-Restoration-with-a-Normative-Prior/png_files/dataset_jpr_train/dataset_jpr_train/1/002633,test
2561,"1,28E+73",jpr_dados,M,79.0,GE MEDICAL SYSTEMS,139,2.5,0.449218988419,1.25,1.0,-1024.0,True,D:/Backup/Mestrado/dados/JPR/dataset_jpr_train/dataset_jpr_train/1\002561,E:/unsupervised/unsupervised2/Unsupervised-Lesion-Detection-via-Image-Restoration-with-a-Normative-Prior/png_files/dataset_jpr_train/dataset_jpr_train/1/002561,test
2463,"1,28E+73",jpr_dados,F,46.0,GE MEDICAL SYSTEMS,241,1.25,0.488281011581,0.625,1.0,-1024.0,True,D:/Backup/Mestrado/dados/JPR/dataset_jpr_train/dataset_jpr_train/1\002463,E:/unsupervised/unsupervised2/Unsupervised-Lesion-Detection-via-Image-Restoration-with-a-Normative-Prior/png_files/dataset_jpr_train/dataset_jpr_train/1/002463,test
2493,"1,28E+72",jpr_dados,M,57.0,GE MEDICAL SYSTEMS,153,2.5,0.488281011581,1.25,1.0,-1024.0,True,D:/Backup/Mestrado/dados/JPR/dataset_jpr_train/dataset_jpr_train/1\002493,E:/unsupervised/unsupervised2/Unsupervised-Lesion-Detection-via-Image-Restoration-with-a-Normative-Prior/png_files/dataset_jpr_train/dataset_jpr_train/1/002493,test
2557,"1,28E+73",jpr_dados,F,77.0,GE MEDICAL SYSTEMS,275,1.25,0.41210898757,0.625,1.0,-1024.0,True,D:/Backup/Mestrado/dados/JPR/dataset_jpr_train/dataset_jpr_train/1\002557,E:/unsupervised/unsupervised2/Unsupervised-Lesion-Detection-via-Image-Restoration-with-a-Normative-Prior/png_files/dataset_jpr_train/dataset_jpr_train/1/002557,test
2603,"1,28E+73",jpr_dados,M,60.0,GE MEDICAL SYSTEMS,281,1.25,0.43164101243,0.625,1.0,-1024.0,True,D:/Backup/Mestrado/dados/JPR/dataset_jpr_train/dataset_jpr_train/1\002603,E:/unsupervised/unsupervised2/Unsupervised-Lesion-Detection-via-Image-Restoration-with-a-Normative-Prior/png_files/dataset_jpr_train/dataset_jpr_train/1/002603,test
2508,"1,28E+73",jpr_dados,M,62.0,GE MEDICAL SYSTEMS,289,2.5,0.42773398757,0.625,1.0,-1024.0,True,D:/Backup/Mestrado/dados/JPR/dataset_jpr_train/dataset_jpr_train/1\002508,E:/unsupervised/unsupervised2/Unsupervised-Lesion-Detection-via-Image-Restoration-with-a-Normative-Prior/png_files/dataset_jpr_train/dataset_jpr_train/1/002508,test
2552,"1,28E+73",jpr_dados,F,76.0,GE MEDICAL SYSTEMS,135,2.5,0.42773398757,1.25,1.0,-1024.0,True,D:/Backup/Mestrado/dados/JPR/dataset_jpr_train/dataset_jpr_train/1\002552,E:/unsupervised/unsupervised2/Unsupervised-Lesion-Detection-via-Image-Restoration-with-a-Normative-Prior/png_files/dataset_jpr_train/dataset_jpr_train/1/002552,test
2435,"1,28E+73",jpr_dados,F,42.0,GE MEDICAL SYSTEMS,281,1.25,0.45898398757,0.625,1.0,-1024.0,True,D:/Backup/Mestrado/dados/JPR/dataset_jpr_train/dataset_jpr_train/1\002435,E:/unsupervised/unsupervised2/Unsupervised-Lesion-Detection-via-Image-Restoration-with-a-Normative-Prior/png_files/dataset_jpr_train/dataset_jpr_train/1/002435,test
2582,"1,28E+73",jpr_dados,F,51.0,GE MEDICAL SYSTEMS,265,1.25,0.40039101243,0.625,1.0,-1024.0,True,D:/Backup/Mestrado/dados/JPR/dataset_jpr_train/dataset_jpr_train/1\002582,E:/unsupervised/unsupervised2/Unsupervised-Lesion-Detection-via-Image-Restoration-with-a-Normative-Prior/png_files/dataset_jpr_train/dataset_jpr_train/1/002582,test
2422,"1,28E+73",jpr_dados,M,75.0,GE MEDICAL SYSTEMS,151,2.5,0.488281011581,1.25,1.0,-1024.0,True,D:/Backup/Mestrado/dados/JPR/dataset_jpr_train/dataset_jpr_train/1\002422,E:/unsupervised/unsupervised2/Unsupervised-Lesion-Detection-via-Image-Restoration-with-a-Normative-Prior/png_files/dataset_jpr_train/dataset_jpr_train/1/002422,test
2377,"1,28E+73",jpr_dados,F,72.0,GE MEDICAL SYSTEMS,135,2.5,0.394531011581,1.25,1.0,-1024.0,True,D:/Backup/Mestrado/dados/JPR/dataset_jpr_train/dataset_jpr_train/1\002377,E:/unsupervised/unsupervised2/Unsupervised-Lesion-Detection-via-Image-Restoration-with-a-Normative-Prior/png_files/dataset_jpr_train/dataset_jpr_train/1/002377,test
2548,"1,28E+73",jpr_dados,F,70.0,GE MEDICAL SYSTEMS,289,2.5,0.43164101243,0.625,1.0,-1024.0,True,D:/Backup/Mestrado/dados/JPR/dataset_jpr_train/dataset_jpr_train/1\002548,E:/unsupervised/unsupervised2/Unsupervised-Lesion-Detection-via-Image-Restoration-with-a-Normative-Prior/png_files/dataset_jpr_train/dataset_jpr_train/1/002548,test
2619,"1,28E+72",jpr_dados,F,80.0,GE MEDICAL SYSTEMS,297,1.25,0.488281011581,0.625,1.0,-1024.0,True,D:/Backup/Mestrado/dados/JPR/dataset_jpr_train/dataset_jpr_train/1\002619,E:/unsupervised/unsupervised2/Unsupervised-Lesion-Detection-via-Image-Restoration-with-a-Normative-Prior/png_files/dataset_jpr_train/dataset_jpr_train/1/002619,test
2489,"1,28E+73",jpr_dados,F,47.0,GE MEDICAL SYSTEMS,159,2.5,0.488281011581,1.25,1.0,-1024.0,True,D:/Backup/Mestrado/dados/JPR/dataset_jpr_train/dataset_jpr_train/1\002489,E:/unsupervised/unsupervised2/Unsupervised-Lesion-Detection-via-Image-Restoration-with-a-Normative-Prior/png_files/dataset_jpr_train/dataset_jpr_train/1/002489,test
2512,"1,28E+73",jpr_dados,F,48.0,GE MEDICAL SYSTEMS,293,1.25,0.488281011581,0.625,1.0,-1024.0,True,D:/Backup/Mestrado/dados/JPR/dataset_jpr_train/dataset_jpr_train/1\002512,E:/unsupervised/unsupervised2/Unsupervised-Lesion-Detection-via-Image-Restoration-with-a-Normative-Prior/png_files/dataset_jpr_train/dataset_jpr_train/1/002512,test
2562,"1,28E+73",jpr_dados,F,86.0,GE MEDICAL SYSTEMS,147,2.5,0.460938006639,1.25,1.0,-1024.0,True,D:/Backup/Mestrado/dados/JPR/dataset_jpr_train/dataset_jpr_train/1\002562,E:/unsupervised/unsupervised2/Unsupervised-Lesion-Detection-via-Image-Restoration-with-a-Normative-Prior/png_files/dataset_jpr_train/dataset_jpr_train/1/002562,test
2517,"1,28E+73",jpr_dados,F,58.0,GE MEDICAL SYSTEMS,139,2.5,0.439453005791,1.25,1.0,-1024.0,True,D:/Backup/Mestrado/dados/JPR/dataset_jpr_train/dataset_jpr_train/1\002517,E:/unsupervised/unsupervised2/Unsupervised-Lesion-Detection-via-Image-Restoration-with-a-Normative-Prior/png_files/dataset_jpr_train/dataset_jpr_train/1/002517,test
2409,"1,28E+73",jpr_dados,F,47.0,GE MEDICAL SYSTEMS,163,2.5,0.488281011581,1.25,1.0,-1024.0,True,D:/Backup/Mestrado/dados/JPR/dataset_jpr_train/dataset_jpr_train/1\002409,E:/unsupervised/unsupervised2/Unsupervised-Lesion-Detection-via-Image-Restoration-with-a-Normative-Prior/png_files/dataset_jpr_train/dataset_jpr_train/1/002409,test
2417,"1,28E+72",jpr_dados,F,64.0,GE MEDICAL SYSTEMS,241,1.25,0.623046994209,0.625,1.0,-1024.0,True,D:/Backup/Mestrado/dados/JPR/dataset_jpr_train/dataset_jpr_train/1\002417,E:/unsupervised/unsupervised2/Unsupervised-Lesion-Detection-via-Image-Restoration-with-a-Normative-Prior/png_files/dataset_jpr_train/dataset_jpr_train/1/002417,test
2373,"1,28E+73",jpr_dados,M,74.0,GE MEDICAL SYSTEMS,295,1.25,0.466796994209,0.625,1.0,-1024.0,True,D:/Backup/Mestrado/dados/JPR/dataset_jpr_train/dataset_jpr_train/1\002373,E:/unsupervised/unsupervised2/Unsupervised-Lesion-Detection-via-Image-Restoration-with-a-Normative-Prior/png_files/dataset_jpr_train/dataset_jpr_train/1/002373,test
2518,"1,28E+73",jpr_dados,F,61.0,GE MEDICAL SYSTEMS,289,1.25,0.488281011581,0.625,1.0,-1024.0,True,D:/Backup/Mestrado/dados/JPR/dataset_jpr_train/dataset_jpr_train/1\002518,E:/unsupervised/unsupervised2/Unsupervised-Lesion-Detection-via-Image-Restoration-with-a-Normative-Prior/png_files/dataset_jpr_train/dataset_jpr_train/1/002518,test
2609,"1,28E+73",jpr_dados,F,25.0,GE MEDICAL SYSTEMS,285,1.25,0.41601601243,0.625,1.0,-1024.0,True,D:/Backup/Mestrado/dados/JPR/dataset_jpr_train/dataset_jpr_train/1\002609,E:/unsupervised/unsupervised2/Unsupervised-Lesion-Detection-via-Image-Restoration-with-a-Normative-Prior/png_files/dataset_jpr_train/dataset_jpr_train/1/002609,test
2389,"1,28E+73",jpr_dados,F,32.0,GE MEDICAL SYSTEMS,277,1.25,0.488281011581,0.625,1.0,-1024.0,True,D:/Backup/Mestrado/dados/JPR/dataset_jpr_train/dataset_jpr_train/1\002389,E:/unsupervised/unsupervised2/Unsupervised-Lesion-Detection-via-Image-Restoration-with-a-Normative-Prior/png_files/dataset_jpr_train/dataset_jpr_train/1/002389,test
2617,"1,28E+73",jpr_dados,F,53.0,GE MEDICAL SYSTEMS,143,2.5,0.429688006639,1.25,1.0,-1024.0,True,D:/Backup/Mestrado/dados/JPR/dataset_jpr_train/dataset_jpr_train/1\002617,E:/unsupervised/unsupervised2/Unsupervised-Lesion-Detection-via-Image-Restoration-with-a-Normative-Prior/png_files/dataset_jpr_train/dataset_jpr_train/1/002617,test
2413,"1,28E+73",jpr_dados,F,25.0,GE MEDICAL SYSTEMS,261,1.25,0.488281011581,0.625,1.0,-1024.0,True,D:/Backup/Mestrado/dados/JPR/dataset_jpr_train/dataset_jpr_train/1\002413,E:/unsupervised/unsupervised2/Unsupervised-Lesion-Detection-via-Image-Restoration-with-a-Normative-Prior/png_files/dataset_jpr_train/dataset_jpr_train/1/002413,test
2401,"1,28E+73",jpr_dados,F,55.0,GE MEDICAL SYSTEMS,143,2.5,0.441406011581,1.25,1.0,-1024.0,True,D:/Backup/Mestrado/dados/JPR/dataset_jpr_train/dataset_jpr_train/1\002401,E:/unsupervised/unsupervised2/Unsupervised-Lesion-Detection-via-Image-Restoration-with-a-Normative-Prior/png_files/dataset_jpr_train/dataset_jpr_train/1/002401,test
2436,"1,28E+73",jpr_dados,F,52.0,GE MEDICAL SYSTEMS,307,1.25,0.4375,0.625,1.0,-1024.0,True,D:/Backup/Mestrado/dados/JPR/dataset_jpr_train/dataset_jpr_train/1\002436,E:/unsupervised/unsupervised2/Unsupervised-Lesion-Detection-via-Image-Restoration-with-a-Normative-Prior/png_files/dataset_jpr_train/dataset_jpr_train/1/002436,test
2506,"1,28E+73",jpr_dados,F,55.0,GE MEDICAL SYSTEMS,147,2.5,0.488281011581,1.25,1.0,-1024.0,True,D:/Backup/Mestrado/dados/JPR/dataset_jpr_train/dataset_jpr_train/1\002506,E:/unsupervised/unsupervised2/Unsupervised-Lesion-Detection-via-Image-Restoration-with-a-Normative-Prior/png_files/dataset_jpr_train/dataset_jpr_train/1/002506,test
2554,"1,28E+73",jpr_dados,F,73.0,GE MEDICAL SYSTEMS,293,1.25,0.488281011581,0.625,1.0,-1024.0,True,D:/Backup/Mestrado/dados/JPR/dataset_jpr_train/dataset_jpr_train/1\002554,E:/unsupervised/unsupervised2/Unsupervised-Lesion-Detection-via-Image-Restoration-with-a-Normative-Prior/png_files/dataset_jpr_train/dataset_jpr_train/1/002554,test
2475,"1,28E+73",jpr_dados,F,45.0,GE MEDICAL SYSTEMS,139,2.5,0.488281011581,1.25,1.0,-1024.0,True,D:/Backup/Mestrado/dados/JPR/dataset_jpr_train/dataset_jpr_train/1\002475,E:/unsupervised/unsupervised2/Unsupervised-Lesion-Detection-via-Image-Restoration-with-a-Normative-Prior/png_files/dataset_jpr_train/dataset_jpr_train/1/002475,test
2573,"1,28E+72",jpr_dados,F,78.0,TOSHIBA,186,2.0,0.458999991417,1.0,1.0,0.0,True,D:/Backup/Mestrado/dados/JPR/dataset_jpr_train/dataset_jpr_train/1\002573,E:/unsupervised/unsupervised2/Unsupervised-Lesion-Detection-via-Image-Restoration-with-a-Normative-Prior/png_files/dataset_jpr_train/dataset_jpr_train/1/002573,test
2628,"1,28E+73",jpr_dados,F,46.0,GE MEDICAL SYSTEMS,305,1.25,0.455078005791,0.625,1.0,-1024.0,True,D:/Backup/Mestrado/dados/JPR/dataset_jpr_train/dataset_jpr_train/1\002628,E:/unsupervised/unsupervised2/Unsupervised-Lesion-Detection-via-Image-Restoration-with-a-Normative-Prior/png_files/dataset_jpr_train/dataset_jpr_train/1/002628,test
2364,"1,28E+73",jpr_dados,F,40.0,GE MEDICAL SYSTEMS,261,1.25,0.417968988419,0.625,1.0,-1024.0,True,D:/Backup/Mestrado/dados/JPR/dataset_jpr_train/dataset_jpr_train/1\002364,E:/unsupervised/unsupervised2/Unsupervised-Lesion-Detection-via-Image-Restoration-with-a-Normative-Prior/png_files/dataset_jpr_train/dataset_jpr_train/1/002364,test
2396,"1,28E+73",jpr_dados,F,79.0,GE MEDICAL SYSTEMS,578,2.5,0.464843988419,0.074740034662045,1.0,-1024.0,True,D:/Backup/Mestrado/dados/JPR/dataset_jpr_train/dataset_jpr_train/1\002396,E:/unsupervised/unsupervised2/Unsupervised-Lesion-Detection-via-Image-Restoration-with-a-Normative-Prior/png_files/dataset_jpr_train/dataset_jpr_train/1/002396,test
2395,"1,28E+73",jpr_dados,F,27.0,GE MEDICAL SYSTEMS,139,2.5,0.408203005791,1.25,1.0,-1024.0,True,D:/Backup/Mestrado/dados/JPR/dataset_jpr_train/dataset_jpr_train/1\002395,E:/unsupervised/unsupervised2/Unsupervised-Lesion-Detection-via-Image-Restoration-with-a-Normative-Prior/png_files/dataset_jpr_train/dataset_jpr_train/1/002395,test
2551,"1,28E+73",jpr_dados,F,64.0,GE MEDICAL SYSTEMS,277,1.25,0.41601601243,0.625,1.0,-1024.0,True,D:/Backup/Mestrado/dados/JPR/dataset_jpr_train/dataset_jpr_train/1\002551,E:/unsupervised/unsupervised2/Unsupervised-Lesion-Detection-via-Image-Restoration-with-a-Normative-Prior/png_files/dataset_jpr_train/dataset_jpr_train/1/002551,test
2533,"1,28E+73",jpr_dados,F,42.0,GE MEDICAL SYSTEMS,269,1.25,0.414061993361,0.625,1.0,-1024.0,True,D:/Backup/Mestrado/dados/JPR/dataset_jpr_train/dataset_jpr_train/1\002533,E:/unsupervised/unsupervised2/Unsupervised-Lesion-Detection-via-Image-Restoration-with-a-Normative-Prior/png_files/dataset_jpr_train/dataset_jpr_train/1/002533,test
2606,"1,28E+73",jpr_dados,F,24.0,GE MEDICAL SYSTEMS,139,2.5,0.488281011581,1.25,1.0,-1024.0,True,D:/Backup/Mestrado/dados/JPR/dataset_jpr_train/dataset_jpr_train/1\002606,E:/unsupervised/unsupervised2/Unsupervised-Lesion-Detection-via-Image-Restoration-with-a-Normative-Prior/png_files/dataset_jpr_train/dataset_jpr_train/1/002606,test
2516,"1,28E+73",jpr_dados,F,69.0,GE MEDICAL SYSTEMS,289,1.25,0.488281011581,0.625,1.0,-1024.0,True,D:/Backup/Mestrado/dados/JPR/dataset_jpr_train/dataset_jpr_train/1\002516,E:/unsupervised/unsupervised2/Unsupervised-Lesion-Detection-via-Image-Restoration-with-a-Normative-Prior/png_files/dataset_jpr_train/dataset_jpr_train/1/002516,test
2514,"1,28E+73",jpr_dados,F,78.0,GE MEDICAL SYSTEMS,289,1.25,0.488281011581,0.625,1.0,-1024.0,True,D:/Backup/Mestrado/dados/JPR/dataset_jpr_train/dataset_jpr_train/1\002514,E:/unsupervised/unsupervised2/Unsupervised-Lesion-Detection-via-Image-Restoration-with-a-Normative-Prior/png_files/dataset_jpr_train/dataset_jpr_train/1/002514,test
2595,"1,28E+73",jpr_dados,F,77.0,GE MEDICAL SYSTEMS,269,1.25,0.419921994209,0.625,1.0,-1024.0,True,D:/Backup/Mestrado/dados/JPR/dataset_jpr_train/dataset_jpr_train/1\002595,E:/unsupervised/unsupervised2/Unsupervised-Lesion-Detection-via-Image-Restoration-with-a-Normative-Prior/png_files/dataset_jpr_train/dataset_jpr_train/1/002595,test
2376,"1,28E+70",jpr_dados,F,43.0,GE MEDICAL SYSTEMS,261,1.25,0.488281011581,0.625,1.0,-1024.0,True,D:/Backup/Mestrado/dados/JPR/dataset_jpr_train/dataset_jpr_train/1\002376,E:/unsupervised/unsupervised2/Unsupervised-Lesion-Detection-via-Image-Restoration-with-a-Normative-Prior/png_files/dataset_jpr_train/dataset_jpr_train/1/002376,test
2561,"1,28E+73",jpr_dados,M,79.0,GE MEDICAL SYSTEMS,138,5.0,0.449218988419,0.9306569343065694,1.0,-1024.0,True,D:/Backup/Mestrado/dados/JPR/dataset_jpr_train/dataset_jpr_train/1\002561,E:/unsupervised/unsupervised2/Unsupervised-Lesion-Detection-via-Image-Restoration-with-a-Normative-Prior/png_files/dataset_jpr_train/dataset_jpr_train/1/002561,test
2367,"1,28E+73",jpr_dados,M,50.0,GE MEDICAL SYSTEMS,329,1.25,0.488281011581,0.625,1.0,-1024.0,True,D:/Backup/Mestrado/dados/JPR/dataset_jpr_train/dataset_jpr_train/1\002367,E:/unsupervised/unsupervised2/Unsupervised-Lesion-Detection-via-Image-Restoration-with-a-Normative-Prior/png_files/dataset_jpr_train/dataset_jpr_train/1/002367,test
2472,"1,28E+73",jpr_dados,F,49.0,GE MEDICAL SYSTEMS,241,1.25,0.488281011581,0.625,1.0,-1024.0,True,D:/Backup/Mestrado/dados/JPR/dataset_jpr_train/dataset_jpr_train/1\002472,E:/unsupervised/unsupervised2/Unsupervised-Lesion-Detection-via-Image-Restoration-with-a-Normative-Prior/png_files/dataset_jpr_train/dataset_jpr_train/1/002472,test
2451,"1,28E+73",jpr_dados,F,59.0,GE MEDICAL SYSTEMS,265,1.25,0.421875,0.625,1.0,-1024.0,True,D:/Backup/Mestrado/dados/JPR/dataset_jpr_train/dataset_jpr_train/1\002451,E:/unsupervised/unsupervised2/Unsupervised-Lesion-Detection-via-Image-Restoration-with-a-Normative-Prior/png_files/dataset_jpr_train/dataset_jpr_train/1/002451,test
2455,"1,28E+73",jpr_dados,M,74.0,GE MEDICAL SYSTEMS,301,1.25,0.47851601243,0.625,1.0,-1024.0,True,D:/Backup/Mestrado/dados/JPR/dataset_jpr_train/dataset_jpr_train/1\002455,E:/unsupervised/unsupervised2/Unsupervised-Lesion-Detection-via-Image-Restoration-with-a-Normative-Prior/png_files/dataset_jpr_train/dataset_jpr_train/1/002455,test
2537,"1,28E+73",jpr_dados,F,49.0,GE MEDICAL SYSTEMS,289,1.25,0.464843988419,0.625,1.0,-1024.0,True,D:/Backup/Mestrado/dados/JPR/dataset_jpr_train/dataset_jpr_train/1\002537,E:/unsupervised/unsupervised2/Unsupervised-Lesion-Detection-via-Image-Restoration-with-a-Normative-Prior/png_files/dataset_jpr_train/dataset_jpr_train/1/002537,test
2369,"1,28E+73",jpr_dados,F,67.0,GE MEDICAL SYSTEMS,293,1.25,0.453125,0.625,1.0,-1024.0,True,D:/Backup/Mestrado/dados/JPR/dataset_jpr_train/dataset_jpr_train/1\002369,E:/unsupervised/unsupervised2/Unsupervised-Lesion-Detection-via-Image-Restoration-with-a-Normative-Prior/png_files/dataset_jpr_train/dataset_jpr_train/1/002369,test
2406,"1,28E+73",jpr_dados,F,37.0,TOSHIBA,166,2.0,0.546000003815,1.0,1.0,0.0,True,D:/Backup/Mestrado/dados/JPR/dataset_jpr_train/dataset_jpr_train/1\002406,E:/unsupervised/unsupervised2/Unsupervised-Lesion-Detection-via-Image-Restoration-with-a-Normative-Prior/png_files/dataset_jpr_train/dataset_jpr_train/1/002406,test
2563,"1,28E+73",jpr_dados,F,73.0,GE MEDICAL SYSTEMS,277,1.25,0.460938006639,0.625,1.0,-1024.0,True,D:/Backup/Mestrado/dados/JPR/dataset_jpr_train/dataset_jpr_train/1\002563,E:/unsupervised/unsupervised2/Unsupervised-Lesion-Detection-via-Image-Restoration-with-a-Normative-Prior/png_files/dataset_jpr_train/dataset_jpr_train/1/002563,test
2588,"1,28E+73",jpr_dados,F,77.0,GE MEDICAL SYSTEMS,133,2.5,0.488281011581,1.25,1.0,-1024.0,True,D:/Backup/Mestrado/dados/JPR/dataset_jpr_train/dataset_jpr_train/1\002588,E:/unsupervised/unsupervised2/Unsupervised-Lesion-Detection-via-Image-Restoration-with-a-Normative-Prior/png_files/dataset_jpr_train/dataset_jpr_train/1/002588,test
2608,"1,28E+73",jpr_dados,F,22.0,GE MEDICAL SYSTEMS,123,2.5,0.4375,1.25,1.0,-1024.0,True,D:/Backup/Mestrado/dados/JPR/dataset_jpr_train/dataset_jpr_train/1\002608,E:/unsupervised/unsupervised2/Unsupervised-Lesion-Detection-via-Image-Restoration-with-a-Normative-Prior/png_files/dataset_jpr_train/dataset_jpr_train/1/002608,test
2454,"1,28E+73",jpr_dados,M,66.0,GE MEDICAL SYSTEMS,309,1.25,0.488281011581,0.625,1.0,-1024.0,True,D:/Backup/Mestrado/dados/JPR/dataset_jpr_train/dataset_jpr_train/1\002454,E:/unsupervised/unsupervised2/Unsupervised-Lesion-Detection-via-Image-Restoration-with-a-Normative-Prior/png_files/dataset_jpr_train/dataset_jpr_train/1/002454,test
2558,"1,28E+73",jpr_dados,M,81.0,GE MEDICAL SYSTEMS,305,2.5,0.466796994209,0.625,1.0,-1024.0,True,D:/Backup/Mestrado/dados/JPR/dataset_jpr_train/dataset_jpr_train/1\002558,E:/unsupervised/unsupervised2/Unsupervised-Lesion-Detection-via-Image-Restoration-with-a-Normative-Prior/png_files/dataset_jpr_train/dataset_jpr_train/1/002558,test
2404,"1,28E+73",jpr_dados,F,36.0,GE MEDICAL SYSTEMS,144,2.5,0.488281011581,1.25,1.0,-1024.0,True,D:/Backup/Mestrado/dados/JPR/dataset_jpr_train/dataset_jpr_train/1\002404,E:/unsupervised/unsupervised2/Unsupervised-Lesion-Detection-via-Image-Restoration-with-a-Normative-Prior/png_files/dataset_jpr_train/dataset_jpr_train/1/002404,test
2523,"1,28E+72",jpr_dados,F,66.0,GE MEDICAL SYSTEMS,149,2.5,0.488281011581,1.25,1.0,-1024.0,True,D:/Backup/Mestrado/dados/JPR/dataset_jpr_train/dataset_jpr_train/1\002523,E:/unsupervised/unsupervised2/Unsupervised-Lesion-Detection-via-Image-Restoration-with-a-Normative-Prior/png_files/dataset_jpr_train/dataset_jpr_train/1/002523,test
2486,"1,28E+73",jpr_dados,M,59.0,GE MEDICAL SYSTEMS,309,1.25,0.488281011581,0.625,1.0,-1024.0,True,D:/Backup/Mestrado/dados/JPR/dataset_jpr_train/dataset_jpr_train/1\002486,E:/unsupervised/unsupervised2/Unsupervised-Lesion-Detection-via-Image-Restoration-with-a-Normative-Prior/png_files/dataset_jpr_train/dataset_jpr_train/1/002486,test
2639,"1,28E+73",jpr_dados,F,74.0,GE MEDICAL SYSTEMS,137,2.5,0.455078005791,1.25,1.0,-1024.0,True,D:/Backup/Mestrado/dados/JPR/dataset_jpr_train/dataset_jpr_train/1\002639,E:/unsupervised/unsupervised2/Unsupervised-Lesion-Detection-via-Image-Restoration-with-a-Normative-Prior/png_files/dataset_jpr_train/dataset_jpr_train/1/002639,test
2565,"1,28E+73",jpr_dados,M,71.0,GE MEDICAL SYSTEMS,137,2.5,0.488281011581,1.25,1.0,-1024.0,True,D:/Backup/Mestrado/dados/JPR/dataset_jpr_train/dataset_jpr_train/1\002565,E:/unsupervised/unsupervised2/Unsupervised-Lesion-Detection-via-Image-Restoration-with-a-Normative-Prior/png_files/dataset_jpr_train/dataset_jpr_train/1/002565,test
2604,"1,28E+73",jpr_dados,F,84.0,GE MEDICAL SYSTEMS,265,1.25,0.625,0.625,1.0,-1024.0,True,D:/Backup/Mestrado/dados/JPR/dataset_jpr_train/dataset_jpr_train/1\002604,E:/unsupervised/unsupervised2/Unsupervised-Lesion-Detection-via-Image-Restoration-with-a-Normative-Prior/png_files/dataset_jpr_train/dataset_jpr_train/1/002604,test
2439,"1,28E+73",jpr_dados,F,42.0,GE MEDICAL SYSTEMS,293,1.25,0.47460898757,0.625,1.0,-1024.0,True,D:/Backup/Mestrado/dados/JPR/dataset_jpr_train/dataset_jpr_train/1\002439,E:/unsupervised/unsupervised2/Unsupervised-Lesion-Detection-via-Image-Restoration-with-a-Normative-Prior/png_files/dataset_jpr_train/dataset_jpr_train/1/002439,test
2624,"1,28E+73",jpr_dados,F,79.0,GE MEDICAL SYSTEMS,159,2.5,0.488281011581,1.25,1.0,-1024.0,True,D:/Backup/Mestrado/dados/JPR/dataset_jpr_train/dataset_jpr_train/1\002624,E:/unsupervised/unsupervised2/Unsupervised-Lesion-Detection-via-Image-Restoration-with-a-Normative-Prior/png_files/dataset_jpr_train/dataset_jpr_train/1/002624,test
2412,"1,28E+73",jpr_dados,F,51.0,GE MEDICAL SYSTEMS,159,2.5,0.488281011581,1.25,1.0,-1024.0,True,D:/Backup/Mestrado/dados/JPR/dataset_jpr_train/dataset_jpr_train/1\002412,E:/unsupervised/unsupervised2/Unsupervised-Lesion-Detection-via-Image-Restoration-with-a-Normative-Prior/png_files/dataset_jpr_train/dataset_jpr_train/1/002412,test
2629,"1,28E+73",jpr_dados,F,52.0,GE MEDICAL SYSTEMS,133,2.5,0.404296994209,1.25,1.0,-1024.0,True,D:/Backup/Mestrado/dados/JPR/dataset_jpr_train/dataset_jpr_train/1\002629,E:/unsupervised/unsupervised2/Unsupervised-Lesion-Detection-via-Image-Restoration-with-a-Normative-Prior/png_files/dataset_jpr_train/dataset_jpr_train/1/002629,test
2442,"1,28E+73",jpr_dados,M,30.0,GE MEDICAL SYSTEMS,161,2.5,0.455078005791,1.25,1.0,-1024.0,True,D:/Backup/Mestrado/dados/JPR/dataset_jpr_train/dataset_jpr_train/1\002442,E:/unsupervised/unsupervised2/Unsupervised-Lesion-Detection-via-Image-Restoration-with-a-Normative-Prior/png_files/dataset_jpr_train/dataset_jpr_train/1/002442,test
2467,"1,28E+73",jpr_dados,F,57.0,GE MEDICAL SYSTEMS,299,1.25,0.433593988419,0.625,1.0,-1024.0,True,D:/Backup/Mestrado/dados/JPR/dataset_jpr_train/dataset_jpr_train/1\002467,E:/unsupervised/unsupervised2/Unsupervised-Lesion-Detection-via-Image-Restoration-with-a-Normative-Prior/png_files/dataset_jpr_train/dataset_jpr_train/1/002467,test
2452,"1,28E+73",jpr_dados,F,71.0,GE MEDICAL SYSTEMS,277,1.25,0.45898398757,0.625,1.0,-1024.0,True,D:/Backup/Mestrado/dados/JPR/dataset_jpr_train/dataset_jpr_train/1\002452,E:/unsupervised/unsupervised2/Unsupervised-Lesion-Detection-via-Image-Restoration-with-a-Normative-Prior/png_files/dataset_jpr_train/dataset_jpr_train/1/002452,test
2415,"1,28E+73",jpr_dados,F,54.0,GE MEDICAL SYSTEMS,159,2.5,0.445311993361,1.25,1.0,-1024.0,True,D:/Backup/Mestrado/dados/JPR/dataset_jpr_train/dataset_jpr_train/1\002415,E:/unsupervised/unsupervised2/Unsupervised-Lesion-Detection-via-Image-Restoration-with-a-Normative-Prior/png_files/dataset_jpr_train/dataset_jpr_train/1/002415,test
2497,"1,28E+73",jpr_dados,F,52.0,GE MEDICAL SYSTEMS,149,2.5,0.439453005791,1.25,1.0,-1024.0,True,D:/Backup/Mestrado/dados/JPR/dataset_jpr_train/dataset_jpr_train/1\002497,E:/unsupervised/unsupervised2/Unsupervised-Lesion-Detection-via-Image-Restoration-with-a-Normative-Prior/png_files/dataset_jpr_train/dataset_jpr_train/1/002497,test
2576,"1,28E+73",jpr_dados,M,66.0,GE MEDICAL SYSTEMS,143,2.5,0.488281011581,1.25,1.0,-1024.0,True,D:/Backup/Mestrado/dados/JPR/dataset_jpr_train/dataset_jpr_train/1\002576,E:/unsupervised/unsupervised2/Unsupervised-Lesion-Detection-via-Image-Restoration-with-a-Normative-Prior/png_files/dataset_jpr_train/dataset_jpr_train/1/002576,test
2546,"1,28E+73",jpr_dados,M,73.0,GE MEDICAL SYSTEMS,317,1.25,0.488281011581,0.625,1.0,-1024.0,True,D:/Backup/Mestrado/dados/JPR/dataset_jpr_train/dataset_jpr_train/1\002546,E:/unsupervised/unsupervised2/Unsupervised-Lesion-Detection-via-Image-Restoration-with-a-Normative-Prior/png_files/dataset_jpr_train/dataset_jpr_train/1/002546,test
2444,"1,28E+73",jpr_dados,M,69.0,TOSHIBA,232,1.0,0.470999985933,0.7999999999999998,1.0,0.0,True,D:/Backup/Mestrado/dados/JPR/dataset_jpr_train/dataset_jpr_train/1\002444,E:/unsupervised/unsupervised2/Unsupervised-Lesion-Detection-via-Image-Restoration-with-a-Normative-Prior/png_files/dataset_jpr_train/dataset_jpr_train/1/002444,test
2456,"1,28E+73",jpr_dados,M,87.0,GE MEDICAL SYSTEMS,145,2.5,0.625,1.25,1.0,-1024.0,True,D:/Backup/Mestrado/dados/JPR/dataset_jpr_train/dataset_jpr_train/1\002456,E:/unsupervised/unsupervised2/Unsupervised-Lesion-Detection-via-Image-Restoration-with-a-Normative-Prior/png_files/dataset_jpr_train/dataset_jpr_train/1/002456,test
2371,"1,28E+73",jpr_dados,F,49.0,GE MEDICAL SYSTEMS,245,1.25,0.441406011581,0.625,1.0,-1024.0,True,D:/Backup/Mestrado/dados/JPR/dataset_jpr_train/dataset_jpr_train/1\002371,E:/unsupervised/unsupervised2/Unsupervised-Lesion-Detection-via-Image-Restoration-with-a-Normative-Prior/png_files/dataset_jpr_train/dataset_jpr_train/1/002371,test
2567,"1,28E+73",jpr_dados,M,77.0,GE MEDICAL SYSTEMS,151,2.5,0.404296994209,1.25,1.0,-1024.0,True,D:/Backup/Mestrado/dados/JPR/dataset_jpr_train/dataset_jpr_train/1\002567,E:/unsupervised/unsupervised2/Unsupervised-Lesion-Detection-via-Image-Restoration-with-a-Normative-Prior/png_files/dataset_jpr_train/dataset_jpr_train/1/002567,test
2362,"1,28E+73",jpr_dados,M,84.0,GE MEDICAL SYSTEMS,285,1.25,0.625,0.625,1.0,-1024.0,True,D:/Backup/Mestrado/dados/JPR/dataset_jpr_train/dataset_jpr_train/1\002362,E:/unsupervised/unsupervised2/Unsupervised-Lesion-Detection-via-Image-Restoration-with-a-Normative-Prior/png_files/dataset_jpr_train/dataset_jpr_train/1/002362,test
2524,"1,28E+73",jpr_dados,F,44.0,GE MEDICAL SYSTEMS,293,1.25,0.423828005791,0.625,1.0,-1024.0,True,D:/Backup/Mestrado/dados/JPR/dataset_jpr_train/dataset_jpr_train/1\002524,E:/unsupervised/unsupervised2/Unsupervised-Lesion-Detection-via-Image-Restoration-with-a-Normative-Prior/png_files/dataset_jpr_train/dataset_jpr_train/1/002524,test
2538,"1,28E+72",jpr_dados,F,59.0,GE MEDICAL SYSTEMS,265,1.25,0.394531011581,0.625,1.0,-1024.0,True,D:/Backup/Mestrado/dados/JPR/dataset_jpr_train/dataset_jpr_train/1\002538,E:/unsupervised/unsupervised2/Unsupervised-Lesion-Detection-via-Image-Restoration-with-a-Normative-Prior/png_files/dataset_jpr_train/dataset_jpr_train/1/002538,test
2445,"1,28E+73",jpr_dados,M,59.0,GE MEDICAL SYSTEMS,133,2.5,0.435546994209,1.25,1.0,-1024.0,True,D:/Backup/Mestrado/dados/JPR/dataset_jpr_train/dataset_jpr_train/1\002445,E:/unsupervised/unsupervised2/Unsupervised-Lesion-Detection-via-Image-Restoration-with-a-Normative-Prior/png_files/dataset_jpr_train/dataset_jpr_train/1/002445,test
2555,"1,28E+73",jpr_dados,M,76.0,GE MEDICAL SYSTEMS,141,2.5,0.488281011581,1.25,1.0,-1024.0,True,D:/Backup/Mestrado/dados/JPR/dataset_jpr_train/dataset_jpr_train/1\002555,E:/unsupervised/unsupervised2/Unsupervised-Lesion-Detection-via-Image-Restoration-with-a-Normative-Prior/png_files/dataset_jpr_train/dataset_jpr_train/1/002555,test
2479,"1,28E+73",jpr_dados,F,42.0,GE MEDICAL SYSTEMS,277,1.25,0.439453005791,0.625,1.0,-1024.0,True,D:/Backup/Mestrado/dados/JPR/dataset_jpr_train/dataset_jpr_train/1\002479,E:/unsupervised/unsupervised2/Unsupervised-Lesion-Detection-via-Image-Restoration-with-a-Normative-Prior/png_files/dataset_jpr_train/dataset_jpr_train/1/002479,test
2599,"1,28E+73",jpr_dados,M,78.0,GE MEDICAL SYSTEMS,281,2.5,0.488281011581,0.625,1.0,-1024.0,True,D:/Backup/Mestrado/dados/JPR/dataset_jpr_train/dataset_jpr_train/1\002599,E:/unsupervised/unsupervised2/Unsupervised-Lesion-Detection-via-Image-Restoration-with-a-Normative-Prior/png_files/dataset_jpr_train/dataset_jpr_train/1/002599,test
2402,"1,28E+72",jpr_dados,F,53.0,GE MEDICAL SYSTEMS,265,2.5,0.40039101243,0.625,1.0,-1024.0,True,D:/Backup/Mestrado/dados/JPR/dataset_jpr_train/dataset_jpr_train/1\002402,E:/unsupervised/unsupervised2/Unsupervised-Lesion-Detection-via-Image-Restoration-with-a-Normative-Prior/png_files/dataset_jpr_train/dataset_jpr_train/1/002402,test
2473,"1,28E+73",jpr_dados,M,70.0,GE MEDICAL SYSTEMS,140,5.0,0.488281011581,0.6115107913669064,1.0,-1024.0,True,D:/Backup/Mestrado/dados/JPR/dataset_jpr_train/dataset_jpr_train/1\002473,E:/unsupervised/unsupervised2/Unsupervised-Lesion-Detection-via-Image-Restoration-with-a-Normative-Prior/png_files/dataset_jpr_train/dataset_jpr_train/1/002473,test
2607,"1,28E+73",jpr_dados,F,24.0,GE MEDICAL SYSTEMS,143,2.5,0.449218988419,1.25,1.0,-1024.0,True,D:/Backup/Mestrado/dados/JPR/dataset_jpr_train/dataset_jpr_train/1\002607,E:/unsupervised/unsupervised2/Unsupervised-Lesion-Detection-via-Image-Restoration-with-a-Normative-Prior/png_files/dataset_jpr_train/dataset_jpr_train/1/002607,test
2611,"1,28E+73",jpr_dados,F,54.0,GE MEDICAL SYSTEMS,297,1.25,0.488281011581,0.625,1.0,-1024.0,True,D:/Backup/Mestrado/dados/JPR/dataset_jpr_train/dataset_jpr_train/1\002611,E:/unsupervised/unsupervised2/Unsupervised-Lesion-Detection-via-Image-Restoration-with-a-Normative-Prior/png_files/dataset_jpr_train/dataset_jpr_train/1/002611,test
2597,"1,28E+73",jpr_dados,M,89.0,GE MEDICAL SYSTEMS,155,2.5,0.488281011581,1.25,1.0,-1024.0,True,D:/Backup/Mestrado/dados/JPR/dataset_jpr_train/dataset_jpr_train/1\002597,E:/unsupervised/unsupervised2/Unsupervised-Lesion-Detection-via-Image-Restoration-with-a-Normative-Prior/png_files/dataset_jpr_train/dataset_jpr_train/1/002597,test
2545,"1,28E+73",jpr_dados,F,30.0,GE MEDICAL SYSTEMS,309,1.25,0.423828005791,0.625,1.0,-1024.0,True,D:/Backup/Mestrado/dados/JPR/dataset_jpr_train/dataset_jpr_train/1\002545,E:/unsupervised/unsupervised2/Unsupervised-Lesion-Detection-via-Image-Restoration-with-a-Normative-Prior/png_files/dataset_jpr_train/dataset_jpr_train/1/002545,test
2492,"1,28E+71",jpr_dados,M,45.0,GE MEDICAL SYSTEMS,295,1.25,0.488281011581,0.625,1.0,-1024.0,True,D:/Backup/Mestrado/dados/JPR/dataset_jpr_train/dataset_jpr_train/1\002492,E:/unsupervised/unsupervised2/Unsupervised-Lesion-Detection-via-Image-Restoration-with-a-Normative-Prior/png_files/dataset_jpr_train/dataset_jpr_train/1/002492,test
2622,"1,28E+73",jpr_dados,M,78.0,GE MEDICAL SYSTEMS,145,2.5,0.488281011581,1.25,1.0,-1024.0,True,D:/Backup/Mestrado/dados/JPR/dataset_jpr_train/dataset_jpr_train/1\002622,E:/unsupervised/unsupervised2/Unsupervised-Lesion-Detection-via-Image-Restoration-with-a-Normative-Prior/png_files/dataset_jpr_train/dataset_jpr_train/1/002622,test
2466,"1,28E+73",jpr_dados,F,53.0,GE MEDICAL SYSTEMS,135,2.5,0.488281011581,1.25,1.0,-1024.0,True,D:/Backup/Mestrado/dados/JPR/dataset_jpr_train/dataset_jpr_train/1\002466,E:/unsupervised/unsupervised2/Unsupervised-Lesion-Detection-via-Image-Restoration-with-a-Normative-Prior/png_files/dataset_jpr_train/dataset_jpr_train/1/002466,test
2535,"1,28E+73",jpr_dados,F,73.0,GE MEDICAL SYSTEMS,257,1.25,0.419921994209,0.625,1.0,-1024.0,True,D:/Backup/Mestrado/dados/JPR/dataset_jpr_train/dataset_jpr_train/1\002535,E:/unsupervised/unsupervised2/Unsupervised-Lesion-Detection-via-Image-Restoration-with-a-Normative-Prior/png_files/dataset_jpr_train/dataset_jpr_train/1/002535,test
2528,"1,28E+73",jpr_dados,F,76.0,GE MEDICAL SYSTEMS,131,2.5,0.414061993361,1.25,1.0,-1024.0,True,D:/Backup/Mestrado/dados/JPR/dataset_jpr_train/dataset_jpr_train/1\002528,E:/unsupervised/unsupervised2/Unsupervised-Lesion-Detection-via-Image-Restoration-with-a-Normative-Prior/png_files/dataset_jpr_train/dataset_jpr_train/1/002528,test
2394,"1,28E+73",jpr_dados,F,28.0,GE MEDICAL SYSTEMS,293,1.25,0.488281011581,0.625,1.0,-1024.0,True,D:/Backup/Mestrado/dados/JPR/dataset_jpr_train/dataset_jpr_train/1\002394,E:/unsupervised/unsupervised2/Unsupervised-Lesion-Detection-via-Image-Restoration-with-a-Normative-Prior/png_files/dataset_jpr_train/dataset_jpr_train/1/002394,test
2461,"1,28E+73",jpr_dados,F,58.0,GE MEDICAL SYSTEMS,149,2.5,0.453125,1.25,1.0,-1024.0,True,D:/Backup/Mestrado/dados/JPR/dataset_jpr_train/dataset_jpr_train/1\002461,E:/unsupervised/unsupervised2/Unsupervised-Lesion-Detection-via-Image-Restoration-with-a-Normative-Prior/png_files/dataset_jpr_train/dataset_jpr_train/1/002461,test
2644,"1,28E+72",jpr_dados,F,36.0,GE MEDICAL SYSTEMS,285,1.25,0.408203005791,0.625,1.0,-1024.0,True,D:/Backup/Mestrado/dados/JPR/dataset_jpr_train/dataset_jpr_train/1\002644,E:/unsupervised/unsupervised2/Unsupervised-Lesion-Detection-via-Image-Restoration-with-a-Normative-Prior/png_files/dataset_jpr_train/dataset_jpr_train/1/002644,test
2507,"1,28E+73",jpr_dados,F,48.0,GE MEDICAL SYSTEMS,141,2.5,0.410156011581,1.25,1.0,-1024.0,True,D:/Backup/Mestrado/dados/JPR/dataset_jpr_train/dataset_jpr_train/1\002507,E:/unsupervised/unsupervised2/Unsupervised-Lesion-Detection-via-Image-Restoration-with-a-Normative-Prior/png_files/dataset_jpr_train/dataset_jpr_train/1/002507,test
2529,"1,28E+73",jpr_dados,M,52.0,GE MEDICAL SYSTEMS,155,2.5,0.488281011581,1.25,1.0,-1024.0,True,D:/Backup/Mestrado/dados/JPR/dataset_jpr_train/dataset_jpr_train/1\002529,E:/unsupervised/unsupervised2/Unsupervised-Lesion-Detection-via-Image-Restoration-with-a-Normative-Prior/png_files/dataset_jpr_train/dataset_jpr_train/1/002529,test
2621,"1,28E+73",jpr_dados,F,53.0,GE MEDICAL SYSTEMS,277,1.25,0.417968988419,0.625,1.0,-1024.0,True,D:/Backup/Mestrado/dados/JPR/dataset_jpr_train/dataset_jpr_train/1\002621,E:/unsupervised/unsupervised2/Unsupervised-Lesion-Detection-via-Image-Restoration-with-a-Normative-Prior/png_files/dataset_jpr_train/dataset_jpr_train/1/002621,test
2447,"1,28E+73",jpr_dados,F,61.0,GE MEDICAL SYSTEMS,305,1.25,0.488281011581,0.625,1.0,-1024.0,True,D:/Backup/Mestrado/dados/JPR/dataset_jpr_train/dataset_jpr_train/1\002447,E:/unsupervised/unsupervised2/Unsupervised-Lesion-Detection-via-Image-Restoration-with-a-Normative-Prior/png_files/dataset_jpr_train/dataset_jpr_train/1/002447,test
2392,"1,28E+73",jpr_dados,F,52.0,GE MEDICAL SYSTEMS,151,2.5,0.488281011581,1.25,1.0,-1024.0,True,D:/Backup/Mestrado/dados/JPR/dataset_jpr_train/dataset_jpr_train/1\002392,E:/unsupervised/unsupervised2/Unsupervised-Lesion-Detection-via-Image-Restoration-with-a-Normative-Prior/png_files/dataset_jpr_train/dataset_jpr_train/1/002392,test
2457,"1,28E+73",jpr_dados,M,87.0,GE MEDICAL SYSTEMS,143,2.5,0.439453005791,1.25,1.0,-1024.0,True,D:/Backup/Mestrado/dados/JPR/dataset_jpr_train/dataset_jpr_train/1\002457,E:/unsupervised/unsupervised2/Unsupervised-Lesion-Detection-via-Image-Restoration-with-a-Normative-Prior/png_files/dataset_jpr_train/dataset_jpr_train/1/002457,test
2427,"1,28E+73",jpr_dados,M,78.0,GE MEDICAL SYSTEMS,307,1.25,0.59375,0.625,1.0,-1024.0,True,D:/Backup/Mestrado/dados/JPR/dataset_jpr_train/dataset_jpr_train/1\002427,E:/unsupervised/unsupervised2/Unsupervised-Lesion-Detection-via-Image-Restoration-with-a-Normative-Prior/png_files/dataset_jpr_train/dataset_jpr_train/1/002427,test
2613,"1,28E+73",jpr_dados,M,41.0,GE MEDICAL SYSTEMS,153,2.5,0.457031011581,1.25,1.0,-1024.0,True,D:/Backup/Mestrado/dados/JPR/dataset_jpr_train/dataset_jpr_train/1\002613,E:/unsupervised/unsupervised2/Unsupervised-Lesion-Detection-via-Image-Restoration-with-a-Normative-Prior/png_files/dataset_jpr_train/dataset_jpr_train/1/002613,test
2543,"1,28E+73",jpr_dados,M,77.0,TOSHIBA,193,2.0,0.456999987364,1.0,1.0,0.0,True,D:/Backup/Mestrado/dados/JPR/dataset_jpr_train/dataset_jpr_train/1\002543,E:/unsupervised/unsupervised2/Unsupervised-Lesion-Detection-via-Image-Restoration-with-a-Normative-Prior/png_files/dataset_jpr_train/dataset_jpr_train/1/002543,test
2419,"1,28E+72",jpr_dados,F,65.0,GE MEDICAL SYSTEMS,145,2.5,0.433593988419,1.25,1.0,-1024.0,True,D:/Backup/Mestrado/dados/JPR/dataset_jpr_train/dataset_jpr_train/1\002419,E:/unsupervised/unsupervised2/Unsupervised-Lesion-Detection-via-Image-Restoration-with-a-Normative-Prior/png_files/dataset_jpr_train/dataset_jpr_train/1/002419,test
2594,"1,28E+73",jpr_dados,F,61.0,GE MEDICAL SYSTEMS,321,1.25,0.451171994209,0.625,1.0,-1024.0,True,D:/Backup/Mestrado/dados/JPR/dataset_jpr_train/dataset_jpr_train/1\002594,E:/unsupervised/unsupervised2/Unsupervised-Lesion-Detection-via-Image-Restoration-with-a-Normative-Prior/png_files/dataset_jpr_train/dataset_jpr_train/1/002594,test
2615,"1,28E+72",jpr_dados,M,33.0,GE MEDICAL SYSTEMS,157,2.5,0.525390982628,1.25,1.0,-1024.0,True,D:/Backup/Mestrado/dados/JPR/dataset_jpr_train/dataset_jpr_train/1\002615,E:/unsupervised/unsupervised2/Unsupervised-Lesion-Detection-via-Image-Restoration-with-a-Normative-Prior/png_files/dataset_jpr_train/dataset_jpr_train/1/002615,test
2623,"1,28E+73",jpr_dados,F,79.0,GE MEDICAL SYSTEMS,298,2.5,0.488281011581,0.2146464646464646,1.0,-1024.0,True,D:/Backup/Mestrado/dados/JPR/dataset_jpr_train/dataset_jpr_train/1\002623,E:/unsupervised/unsupervised2/Unsupervised-Lesion-Detection-via-Image-Restoration-with-a-Normative-Prior/png_files/dataset_jpr_train/dataset_jpr_train/1/002623,test
2386,"1,28E+73",jpr_dados,F,67.0,GE MEDICAL SYSTEMS,208,1.25,0.466796994209,0.625,1.0,-1024.0,True,D:/Backup/Mestrado/dados/JPR/dataset_jpr_train/dataset_jpr_train/1\002386,E:/unsupervised/unsupervised2/Unsupervised-Lesion-Detection-via-Image-Restoration-with-a-Normative-Prior/png_files/dataset_jpr_train/dataset_jpr_train/1/002386,test
2626,"1,28E+73",jpr_dados,F,57.0,GE MEDICAL SYSTEMS,259,1.25,0.488281011581,0.625,1.0,-1024.0,True,D:/Backup/Mestrado/dados/JPR/dataset_jpr_train/dataset_jpr_train/1\002626,E:/unsupervised/unsupervised2/Unsupervised-Lesion-Detection-via-Image-Restoration-with-a-Normative-Prior/png_files/dataset_jpr_train/dataset_jpr_train/1/002626,test
2502,"1,28E+73",jpr_dados,F,53.0,GE MEDICAL SYSTEMS,155,2.5,0.488281011581,1.25,1.0,-1024.0,True,D:/Backup/Mestrado/dados/JPR/dataset_jpr_train/dataset_jpr_train/1\002502,E:/unsupervised/unsupervised2/Unsupervised-Lesion-Detection-via-Image-Restoration-with-a-Normative-Prior/png_files/dataset_jpr_train/dataset_jpr_train/1/002502,test
2388,"1,28E+73",jpr_dados,F,41.0,GE MEDICAL SYSTEMS,285,1.25,0.455078005791,0.625,1.0,-1024.0,True,D:/Backup/Mestrado/dados/JPR/dataset_jpr_train/dataset_jpr_train/1\002388,E:/unsupervised/unsupervised2/Unsupervised-Lesion-Detection-via-Image-Restoration-with-a-Normative-Prior/png_files/dataset_jpr_train/dataset_jpr_train/1/002388,test
2571,"1,28E+73",jpr_dados,F,81.0,GE MEDICAL SYSTEMS,145,2.5,0.453125,1.25,1.0,-1024.0,True,D:/Backup/Mestrado/dados/JPR/dataset_jpr_train/dataset_jpr_train/1\002571,E:/unsupervised/unsupervised2/Unsupervised-Lesion-Detection-via-Image-Restoration-with-a-Normative-Prior/png_files/dataset_jpr_train/dataset_jpr_train/1/002571,test
2374,"1,28E+73",jpr_dados,F,42.0,GE MEDICAL SYSTEMS,149,2.5,0.429688006639,1.25,1.0,-1024.0,True,D:/Backup/Mestrado/dados/JPR/dataset_jpr_train/dataset_jpr_train/1\002374,E:/unsupervised/unsupervised2/Unsupervised-Lesion-Detection-via-Image-Restoration-with-a-Normative-Prior/png_files/dataset_jpr_train/dataset_jpr_train/1/002374,test
2592,"1,28E+73",jpr_dados,M,65.0,GE MEDICAL SYSTEMS,165,2.5,0.513671994209,1.25,1.0,-1024.0,True,D:/Backup/Mestrado/dados/JPR/dataset_jpr_train/dataset_jpr_train/1\002592,E:/unsupervised/unsupervised2/Unsupervised-Lesion-Detection-via-Image-Restoration-with-a-Normative-Prior/png_files/dataset_jpr_train/dataset_jpr_train/1/002592,test
2509,"1,28E+73",jpr_dados,M,61.0,GE MEDICAL SYSTEMS,325,1.25,0.488281011581,0.625,1.0,-1024.0,True,D:/Backup/Mestrado/dados/JPR/dataset_jpr_train/dataset_jpr_train/1\002509,E:/unsupervised/unsupervised2/Unsupervised-Lesion-Detection-via-Image-Restoration-with-a-Normative-Prior/png_files/dataset_jpr_train/dataset_jpr_train/1/002509,test
2544,"1,28E+73",jpr_dados,M,76.0,GE MEDICAL SYSTEMS,305,1.25,0.45898398757,0.625,1.0,-1024.0,True,D:/Backup/Mestrado/dados/JPR/dataset_jpr_train/dataset_jpr_train/1\002544,E:/unsupervised/unsupervised2/Unsupervised-Lesion-Detection-via-Image-Restoration-with-a-Normative-Prior/png_files/dataset_jpr_train/dataset_jpr_train/1/002544,test
2574,"1,28E+73",jpr_dados,M,60.0,GE MEDICAL SYSTEMS,149,2.5,0.439453005791,1.25,1.0,-1024.0,True,D:/Backup/Mestrado/dados/JPR/dataset_jpr_train/dataset_jpr_train/1\002574,E:/unsupervised/unsupervised2/Unsupervised-Lesion-Detection-via-Image-Restoration-with-a-Normative-Prior/png_files/dataset_jpr_train/dataset_jpr_train/1/002574,test
2485,"1,28E+73",jpr_dados,M,61.0,GE MEDICAL SYSTEMS,297,1.25,0.488281011581,0.625,1.0,-1024.0,True,D:/Backup/Mestrado/dados/JPR/dataset_jpr_train/dataset_jpr_train/1\002485,E:/unsupervised/unsupervised2/Unsupervised-Lesion-Detection-via-Image-Restoration-with-a-Normative-Prior/png_files/dataset_jpr_train/dataset_jpr_train/1/002485,test
2586,"1,28E+73",jpr_dados,F,65.0,GE MEDICAL SYSTEMS,141,2.5,0.423828005791,1.25,1.0,-1024.0,True,D:/Backup/Mestrado/dados/JPR/dataset_jpr_train/dataset_jpr_train/1\002586,E:/unsupervised/unsupervised2/Unsupervised-Lesion-Detection-via-Image-Restoration-with-a-Normative-Prior/png_files/dataset_jpr_train/dataset_jpr_train/1/002586,test
2428,"1,28E+73",jpr_dados,M,71.0,GE MEDICAL SYSTEMS,293,1.25,0.43164101243,0.625,1.0,-1024.0,True,D:/Backup/Mestrado/dados/JPR/dataset_jpr_train/dataset_jpr_train/1\002428,E:/unsupervised/unsupervised2/Unsupervised-Lesion-Detection-via-Image-Restoration-with-a-Normative-Prior/png_files/dataset_jpr_train/dataset_jpr_train/1/002428,test
2481,"1,28E+73",jpr_dados,F,41.0,GE MEDICAL SYSTEMS,155,2.5,0.433593988419,1.25,1.0,-1024.0,True,D:/Backup/Mestrado/dados/JPR/dataset_jpr_train/dataset_jpr_train/1\002481,E:/unsupervised/unsupervised2/Unsupervised-Lesion-Detection-via-Image-Restoration-with-a-Normative-Prior/png_files/dataset_jpr_train/dataset_jpr_train/1/002481,test
2464,"1,28E+73",jpr_dados,M,44.0,GE MEDICAL SYSTEMS,626,1.25,0.488281011581,0.019,1.0,-1024.0,True,D:/Backup/Mestrado/dados/JPR/dataset_jpr_train/dataset_jpr_train/1\002464,E:/unsupervised/unsupervised2/Unsupervised-Lesion-Detection-via-Image-Restoration-with-a-Normative-Prior/png_files/dataset_jpr_train/dataset_jpr_train/1/002464,test
2612,"1,28E+73",jpr_dados,M,21.0,GE MEDICAL SYSTEMS,141,2.5,0.554687976837,1.25,1.0,-1024.0,True,D:/Backup/Mestrado/dados/JPR/dataset_jpr_train/dataset_jpr_train/1\002612,E:/unsupervised/unsupervised2/Unsupervised-Lesion-Detection-via-Image-Restoration-with-a-Normative-Prior/png_files/dataset_jpr_train/dataset_jpr_train/1/002612,test
2423,"1,28E+73",jpr_dados,M,39.0,GE MEDICAL SYSTEMS,269,1.25,0.41210898757,0.625,1.0,-1024.0,True,D:/Backup/Mestrado/dados/JPR/dataset_jpr_train/dataset_jpr_train/1\002423,E:/unsupervised/unsupervised2/Unsupervised-Lesion-Detection-via-Image-Restoration-with-a-Normative-Prior/png_files/dataset_jpr_train/dataset_jpr_train/1/002423,test
2643,"1,28E+73",jpr_dados,F,56.0,GE MEDICAL SYSTEMS,140,5.0,0.44335898757,0.1258992805755395,1.0,-1024.0,True,D:/Backup/Mestrado/dados/JPR/dataset_jpr_train/dataset_jpr_train/1\002643,E:/unsupervised/unsupervised2/Unsupervised-Lesion-Detection-via-Image-Restoration-with-a-Normative-Prior/png_files/dataset_jpr_train/dataset_jpr_train/1/002643,test
2382,"1,28E+73",jpr_dados,F,53.0,GE MEDICAL SYSTEMS,305,1.25,0.460938006639,0.625,1.0,-1024.0,True,D:/Backup/Mestrado/dados/JPR/dataset_jpr_train/dataset_jpr_train/1\002382,E:/unsupervised/unsupervised2/Unsupervised-Lesion-Detection-via-Image-Restoration-with-a-Normative-Prior/png_files/dataset_jpr_train/dataset_jpr_train/1/002382,test
2596,"1,28E+73",jpr_dados,F,64.0,GE MEDICAL SYSTEMS,278,2.5,0.439453005791,0.1444043321299639,1.0,-1024.0,True,D:/Backup/Mestrado/dados/JPR/dataset_jpr_train/dataset_jpr_train/1\002596,E:/unsupervised/unsupervised2/Unsupervised-Lesion-Detection-via-Image-Restoration-with-a-Normative-Prior/png_files/dataset_jpr_train/dataset_jpr_train/1/002596,test
2478,"1,28E+73",jpr_dados,M,54.0,GE MEDICAL SYSTEMS,153,2.5,0.488281011581,1.25,1.0,-1024.0,True,D:/Backup/Mestrado/dados/JPR/dataset_jpr_train/dataset_jpr_train/1\002478,E:/unsupervised/unsupervised2/Unsupervised-Lesion-Detection-via-Image-Restoration-with-a-Normative-Prior/png_files/dataset_jpr_train/dataset_jpr_train/1/002478,test
2429,"1,28E+73",jpr_dados,M,54.0,GE MEDICAL SYSTEMS,293,1.25,0.488281011581,0.625,1.0,-1024.0,True,D:/Backup/Mestrado/dados/JPR/dataset_jpr_train/dataset_jpr_train/1\002429,E:/unsupervised/unsupervised2/Unsupervised-Lesion-Detection-via-Image-Restoration-with-a-Normative-Prior/png_files/dataset_jpr_train/dataset_jpr_train/1/002429,test
2564,"1,28E+73",jpr_dados,F,73.0,GE MEDICAL SYSTEMS,143,2.5,0.488281011581,1.25,1.0,-1024.0,True,D:/Backup/Mestrado/dados/JPR/dataset_jpr_train/dataset_jpr_train/1\002564,E:/unsupervised/unsupervised2/Unsupervised-Lesion-Detection-via-Image-Restoration-with-a-Normative-Prior/png_files/dataset_jpr_train/dataset_jpr_train/1/002564,test
2642,"1,28E+73",jpr_dados,F,46.0,GE MEDICAL SYSTEMS,278,2.5,0.392578005791,0.0270758122743682,1.0,-1024.0,True,D:/Backup/Mestrado/dados/JPR/dataset_jpr_train/dataset_jpr_train/1\002642,E:/unsupervised/unsupervised2/Unsupervised-Lesion-Detection-via-Image-Restoration-with-a-Normative-Prior/png_files/dataset_jpr_train/dataset_jpr_train/1/002642,test
2484,"1,28E+73",jpr_dados,F,44.0,GE MEDICAL SYSTEMS,131,2.5,0.488281011581,1.25,1.0,-1024.0,True,D:/Backup/Mestrado/dados/JPR/dataset_jpr_train/dataset_jpr_train/1\002484,E:/unsupervised/unsupervised2/Unsupervised-Lesion-Detection-via-Image-Restoration-with-a-Normative-Prior/png_files/dataset_jpr_train/dataset_jpr_train/1/002484,test
2365,"1,28E+73",jpr_dados,F,59.0,GE MEDICAL SYSTEMS,159,2.5,0.488281011581,1.25,1.0,-1024.0,True,D:/Backup/Mestrado/dados/JPR/dataset_jpr_train/dataset_jpr_train/1\002365,E:/unsupervised/unsupervised2/Unsupervised-Lesion-Detection-via-Image-Restoration-with-a-Normative-Prior/png_files/dataset_jpr_train/dataset_jpr_train/1/002365,test
2539,"1,28E+73",jpr_dados,M,60.0,GE MEDICAL SYSTEMS,281,1.25,0.488281011581,0.625,1.0,-1024.0,True,D:/Backup/Mestrado/dados/JPR/dataset_jpr_train/dataset_jpr_train/1\002539,E:/unsupervised/unsupervised2/Unsupervised-Lesion-Detection-via-Image-Restoration-with-a-Normative-Prior/png_files/dataset_jpr_train/dataset_jpr_train/1/002539,test
2416,"1,28E+73",jpr_dados,F,81.0,GE MEDICAL SYSTEMS,141,2.5,0.488281011581,1.25,1.0,-1024.0,True,D:/Backup/Mestrado/dados/JPR/dataset_jpr_train/dataset_jpr_train/1\002416,E:/unsupervised/unsupervised2/Unsupervised-Lesion-Detection-via-Image-Restoration-with-a-Normative-Prior/png_files/dataset_jpr_train/dataset_jpr_train/1/002416,test
2499,"1,28E+73",jpr_dados,F,48.0,GE MEDICAL SYSTEMS,309,1.25,0.44335898757,0.625,1.0,-1024.0,True,D:/Backup/Mestrado/dados/JPR/dataset_jpr_train/dataset_jpr_train/1\002499,E:/unsupervised/unsupervised2/Unsupervised-Lesion-Detection-via-Image-Restoration-with-a-Normative-Prior/png_files/dataset_jpr_train/dataset_jpr_train/1/002499,test
2531,"1,28E+73",jpr_dados,M,53.0,GE MEDICAL SYSTEMS,167,2.5,0.509765982628,1.25,1.0,-1024.0,True,D:/Backup/Mestrado/dados/JPR/dataset_jpr_train/dataset_jpr_train/1\002531,E:/unsupervised/unsupervised2/Unsupervised-Lesion-Detection-via-Image-Restoration-with-a-Normative-Prior/png_files/dataset_jpr_train/dataset_jpr_train/1/002531,test
2541,"1,28E+73",jpr_dados,M,83.0,GE MEDICAL SYSTEMS,145,2.5,0.44726601243,1.25,1.0,-1024.0,True,D:/Backup/Mestrado/dados/JPR/dataset_jpr_train/dataset_jpr_train/1\002541,E:/unsupervised/unsupervised2/Unsupervised-Lesion-Detection-via-Image-Restoration-with-a-Normative-Prior/png_files/dataset_jpr_train/dataset_jpr_train/1/002541,test
2383,"1,28E+73",jpr_dados,F,35.0,GE MEDICAL SYSTEMS,293,1.25,0.449218988419,0.625,1.0,-1024.0,True,D:/Backup/Mestrado/dados/JPR/dataset_jpr_train/dataset_jpr_train/1\002383,E:/unsupervised/unsupervised2/Unsupervised-Lesion-Detection-via-Image-Restoration-with-a-Normative-Prior/png_files/dataset_jpr_train/dataset_jpr_train/1/002383,test
54,,physionet,F,60.0,,33,,,,,,True,D:/Mestrado/dados/Physionet/physionet_scans/ct_scans/054.nii,E:/unsupervised/unsupervised2/Unsupervised-Lesion-Detection-via-Image-Restoration-with-a-Normative-Prior/png_files/physionet/054,test
56,,physionet,F,58.0,,40,,,,,,True,D:/Mestrado/dados/Physionet/physionet_scans/ct_scans/056.nii,E:/unsupervised/unsupervised2/Unsupervised-Lesion-Detection-via-Image-Restoration-with-a-Normative-Prior/png_files/physionet/056,test
57,,physionet,M,26.0,,43,,,,,,True,D:/Mestrado/dados/Physionet/physionet_scans/ct_scans/057.nii,E:/unsupervised/unsupervised2/Unsupervised-Lesion-Detection-via-Image-Restoration-with-a-Normative-Prior/png_files/physionet/057,test
96,,physionet,M,41.0,,37,,,,,,True,D:/Mestrado/dados/Physionet/physionet_scans/ct_scans/096.nii,E:/unsupervised/unsupervised2/Unsupervised-Lesion-Detection-via-Image-Restoration-with-a-Normative-Prior/png_files/physionet/096,test
98,,physionet,M,35.0,,48,,,,,,True,D:/Mestrado/dados/Physionet/physionet_scans/ct_scans/098.nii,E:/unsupervised/unsupervised2/Unsupervised-Lesion-Detection-via-Image-Restoration-with-a-Normative-Prior/png_files/physionet/098,test
99,,physionet,M,18.0,,33,,,,,,True,D:/Mestrado/dados/Physionet/physionet_scans/ct_scans/099.nii,E:/unsupervised/unsupervised2/Unsupervised-Lesion-Detection-via-Image-Restoration-with-a-Normative-Prior/png_files/physionet/099,test
100,,physionet,F,18.0,,34,,,,,,True,D:/Mestrado/dados/Physionet/physionet_scans/ct_scans/100.nii,E:/unsupervised/unsupervised2/Unsupervised-Lesion-Detection-via-Image-Restoration-with-a-Normative-Prior/png_files/physionet/100,test
101,,physionet,F,19.0,,35,,,,,,True,D:/Mestrado/dados/Physionet/physionet_scans/ct_scans/101.nii,E:/unsupervised/unsupervised2/Unsupervised-Lesion-Detection-via-Image-Restoration-with-a-Normative-Prior/png_files/physionet/101,test
102,,physionet,F,40.0,,37,,,,,,True,D:/Mestrado/dados/Physionet/physionet_scans/ct_scans/102.nii,E:/unsupervised/unsupervised2/Unsupervised-Lesion-Detection-via-Image-Restoration-with-a-Normative-Prior/png_files/physionet/102,test
103,,physionet,F,58.0,,40,,,,,,True,D:/Mestrado/dados/Physionet/physionet_scans/ct_scans/103.nii,E:/unsupervised/unsupervised2/Unsupervised-Lesion-Detection-via-Image-Restoration-with-a-Normative-Prior/png_files/physionet/103,test
104,,physionet,F,60.0,,31,,,,,,True,D:/Mestrado/dados/Physionet/physionet_scans/ct_scans/104.nii,E:/unsupervised/unsupervised2/Unsupervised-Lesion-Detection-via-Image-Restoration-with-a-Normative-Prior/png_files/physionet/104,test
105,,physionet,F,35.0,,34,,,,,,True,D:/Mestrado/dados/Physionet/physionet_scans/ct_scans/105.nii,E:/unsupervised/unsupervised2/Unsupervised-Lesion-Detection-via-Image-Restoration-with-a-Normative-Prior/png_files/physionet/105,test
106,,physionet,F,12.0,,36,,,,,,True,D:/Mestrado/dados/Physionet/physionet_scans/ct_scans/106.nii,E:/unsupervised/unsupervised2/Unsupervised-Lesion-Detection-via-Image-Restoration-with-a-Normative-Prior/png_files/physionet/106,test
107,,physionet,F,50.0,,37,,,,,,True,D:/Mestrado/dados/Physionet/physionet_scans/ct_scans/107.nii,E:/unsupervised/unsupervised2/Unsupervised-Lesion-Detection-via-Image-Restoration-with-a-Normative-Prior/png_files/physionet/107,test
108,,physionet,F,32.0,,58,,,,,,True,D:/Mestrado/dados/Physionet/physionet_scans/ct_scans/108.nii,E:/unsupervised/unsupervised2/Unsupervised-Lesion-Detection-via-Image-Restoration-with-a-Normative-Prior/png_files/physionet/108,test
110,,physionet,F,35.0,,33,,,,,,True,D:/Mestrado/dados/Physionet/physionet_scans/ct_scans/110.nii,E:/unsupervised/unsupervised2/Unsupervised-Lesion-Detection-via-Image-Restoration-with-a-Normative-Prior/png_files/physionet/110,test
111,,physionet,M,65.0,,39,,,,,,True,D:/Mestrado/dados/Physionet/physionet_scans/ct_scans/111.nii,E:/unsupervised/unsupervised2/Unsupervised-Lesion-Detection-via-Image-Restoration-with-a-Normative-Prior/png_files/physionet/111,test
112,,physionet,F,2.0,,38,,,,,,True,D:/Mestrado/dados/Physionet/physionet_scans/ct_scans/112.nii,E:/unsupervised/unsupervised2/Unsupervised-Lesion-Detection-via-Image-Restoration-with-a-Normative-Prior/png_files/physionet/112,test
113,,physionet,F,40.0,,33,,,,,,True,D:/Mestrado/dados/Physionet/physionet_scans/ct_scans/113.nii,E:/unsupervised/unsupervised2/Unsupervised-Lesion-Detection-via-Image-Restoration-with-a-Normative-Prior/png_files/physionet/113,test
114,,physionet,M,15.0,,32,,,,,,True,D:/Mestrado/dados/Physionet/physionet_scans/ct_scans/114.nii,E:/unsupervised/unsupervised2/Unsupervised-Lesion-Detection-via-Image-Restoration-with-a-Normative-Prior/png_files/physionet/114,test
116,,physionet,M,28.0,,36,,,,,,True,D:/Mestrado/dados/Physionet/physionet_scans/ct_scans/116.nii,E:/unsupervised/unsupervised2/Unsupervised-Lesion-Detection-via-Image-Restoration-with-a-Normative-Prior/png_files/physionet/116,test
117,,physionet,M,35.0,,33,,,,,,True,D:/Mestrado/dados/Physionet/physionet_scans/ct_scans/117.nii,E:/unsupervised/unsupervised2/Unsupervised-Lesion-Detection-via-Image-Restoration-with-a-Normative-Prior/png_files/physionet/117,test
118,,physionet,M,26.0,,35,,,,,,True,D:/Mestrado/dados/Physionet/physionet_scans/ct_scans/118.nii,E:/unsupervised/unsupervised2/Unsupervised-Lesion-Detection-via-Image-Restoration-with-a-Normative-Prior/png_files/physionet/118,test
121,,physionet,F,50.0,,35,,,,,,True,D:/Mestrado/dados/Physionet/physionet_scans/ct_scans/121.nii,E:/unsupervised/unsupervised2/Unsupervised-Lesion-Detection-via-Image-Restoration-with-a-Normative-Prior/png_files/physionet/121,test
122,,physionet,F,1.0,,32,,,,,,True,D:/Mestrado/dados/Physionet/physionet_scans/ct_scans/122.nii,E:/unsupervised/unsupervised2/Unsupervised-Lesion-Detection-via-Image-Restoration-with-a-Normative-Prior/png_files/physionet/122,test
123,,physionet,F,31.0,,43,,,,,,True,D:/Mestrado/dados/Physionet/physionet_scans/ct_scans/123.nii,E:/unsupervised/unsupervised2/Unsupervised-Lesion-Detection-via-Image-Restoration-with-a-Normative-Prior/png_files/physionet/123,test
124,,physionet,F,26.0,,37,,,,,,True,D:/Mestrado/dados/Physionet/physionet_scans/ct_scans/124.nii,E:/unsupervised/unsupervised2/Unsupervised-Lesion-Detection-via-Image-Restoration-with-a-Normative-Prior/png_files/physionet/124,test
125,,physionet,F,40.0,,43,,,,,,True,D:/Mestrado/dados/Physionet/physionet_scans/ct_scans/125.nii,E:/unsupervised/unsupervised2/Unsupervised-Lesion-Detection-via-Image-Restoration-with-a-Normative-Prior/png_files/physionet/125,test
126,,physionet,F,58.0,,34,,,,,,True,D:/Mestrado/dados/Physionet/physionet_scans/ct_scans/126.nii,E:/unsupervised/unsupervised2/Unsupervised-Lesion-Detection-via-Image-Restoration-with-a-Normative-Prior/png_files/physionet/126,test
127,,physionet,M,5.0,,36,,,,,,True,D:/Mestrado/dados/Physionet/physionet_scans/ct_scans/127.nii,E:/unsupervised/unsupervised2/Unsupervised-Lesion-Detection-via-Image-Restoration-with-a-Normative-Prior/png_files/physionet/127,test
128,,physionet,F,32.0,,35,,,,,,True,D:/Mestrado/dados/Physionet/physionet_scans/ct_scans/128.nii,E:/unsupervised/unsupervised2/Unsupervised-Lesion-Detection-via-Image-Restoration-with-a-Normative-Prior/png_files/physionet/128,test
129,,physionet,F,5.0,,35,,,,,,True,D:/Mestrado/dados/Physionet/physionet_scans/ct_scans/129.nii,E:/unsupervised/unsupervised2/Unsupervised-Lesion-Detection-via-Image-Restoration-with-a-Normative-Prior/png_files/physionet/129,test
130,,physionet,F,24.0,,36,,,,,,True,D:/Mestrado/dados/Physionet/physionet_scans/ct_scans/130.nii,E:/unsupervised/unsupervised2/Unsupervised-Lesion-Detection-via-Image-Restoration-with-a-Normative-Prior/png_files/physionet/130,test
49,,physionet,M,35.0,,39,,,,,,False,D:/Mestrado/dados/Physionet/physionet_scans/ct_scans/049.nii,E:/unsupervised/unsupervised2/Unsupervised-Lesion-Detection-via-Image-Restoration-with-a-Normative-Prior/png_files/physionet/049,test
50,,physionet,F,0.583,,32,,,,,,False,D:/Mestrado/dados/Physionet/physionet_scans/ct_scans/050.nii,E:/unsupervised/unsupervised2/Unsupervised-Lesion-Detection-via-Image-Restoration-with-a-Normative-Prior/png_files/physionet/050,test
51,,physionet,M,5.0,,46,,,,,,False,D:/Mestrado/dados/Physionet/physionet_scans/ct_scans/051.nii,E:/unsupervised/unsupervised2/Unsupervised-Lesion-Detection-via-Image-Restoration-with-a-Normative-Prior/png_files/physionet/051,test
52,,physionet,M,8.0,,35,,,,,,False,D:/Mestrado/dados/Physionet/physionet_scans/ct_scans/052.nii,E:/unsupervised/unsupervised2/Unsupervised-Lesion-Detection-via-Image-Restoration-with-a-Normative-Prior/png_files/physionet/052,test
53,,physionet,M,44.0,,35,,,,,,False,D:/Mestrado/dados/Physionet/physionet_scans/ct_scans/053.nii,E:/unsupervised/unsupervised2/Unsupervised-Lesion-Detection-via-Image-Restoration-with-a-Normative-Prior/png_files/physionet/053,test
58,,physionet,M,44.0,,38,,,,,,False,D:/Mestrado/dados/Physionet/physionet_scans/ct_scans/058.nii,E:/unsupervised/unsupervised2/Unsupervised-Lesion-Detection-via-Image-Restoration-with-a-Normative-Prior/png_files/physionet/058,test
66,,physionet,M,0.6,,34,,,,,,False,D:/Mestrado/dados/Physionet/physionet_scans/ct_scans/066.nii,E:/unsupervised/unsupervised2/Unsupervised-Lesion-Detection-via-Image-Restoration-with-a-Normative-Prior/png_files/physionet/066,test
67,,physionet,M,2.0,,31,,,,,,False,D:/Mestrado/dados/Physionet/physionet_scans/ct_scans/067.nii,E:/unsupervised/unsupervised2/Unsupervised-Lesion-Detection-via-Image-Restoration-with-a-Normative-Prior/png_files/physionet/067,test
68,,physionet,M,8.0,,32,,,,,,False,D:/Mestrado/dados/Physionet/physionet_scans/ct_scans/068.nii,E:/unsupervised/unsupervised2/Unsupervised-Lesion-Detection-via-Image-Restoration-with-a-Normative-Prior/png_files/physionet/068,test
69,,physionet,M,36.0,,40,,,,,,False,D:/Mestrado/dados/Physionet/physionet_scans/ct_scans/069.nii,E:/unsupervised/unsupervised2/Unsupervised-Lesion-Detection-via-Image-Restoration-with-a-Normative-Prior/png_files/physionet/069,test
70,,physionet,M,5.0,,39,,,,,,False,D:/Mestrado/dados/Physionet/physionet_scans/ct_scans/070.nii,E:/unsupervised/unsupervised2/Unsupervised-Lesion-Detection-via-Image-Restoration-with-a-Normative-Prior/png_files/physionet/070,test
71,,physionet,F,72.0,,34,,,,,,False,D:/Mestrado/dados/Physionet/physionet_scans/ct_scans/071.nii,E:/unsupervised/unsupervised2/Unsupervised-Lesion-Detection-via-Image-Restoration-with-a-Normative-Prior/png_files/physionet/071,test
72,,physionet,M,42.0,,33,,,,,,False,D:/Mestrado/dados/Physionet/physionet_scans/ct_scans/072.nii,E:/unsupervised/unsupervised2/Unsupervised-Lesion-Detection-via-Image-Restoration-with-a-Normative-Prior/png_files/physionet/072,test
73,,physionet,M,5.0,,37,,,,,,False,D:/Mestrado/dados/Physionet/physionet_scans/ct_scans/073.nii,E:/unsupervised/unsupervised2/Unsupervised-Lesion-Detection-via-Image-Restoration-with-a-Normative-Prior/png_files/physionet/073,test
74,,physionet,M,18.0,,39,,,,,,False,D:/Mestrado/dados/Physionet/physionet_scans/ct_scans/074.nii,E:/unsupervised/unsupervised2/Unsupervised-Lesion-Detection-via-Image-Restoration-with-a-Normative-Prior/png_files/physionet/074,test
75,,physionet,M,3.0,,36,,,,,,False,D:/Mestrado/dados/Physionet/physionet_scans/ct_scans/075.nii,E:/unsupervised/unsupervised2/Unsupervised-Lesion-Detection-via-Image-Restoration-with-a-Normative-Prior/png_files/physionet/075,test
76,,physionet,M,40.0,,51,,,,,,False,D:/Mestrado/dados/Physionet/physionet_scans/ct_scans/076.nii,E:/unsupervised/unsupervised2/Unsupervised-Lesion-Detection-via-Image-Restoration-with-a-Normative-Prior/png_files/physionet/076,test
77,,physionet,M,33.0,,35,,,,,,False,D:/Mestrado/dados/Physionet/physionet_scans/ct_scans/077.nii,E:/unsupervised/unsupervised2/Unsupervised-Lesion-Detection-via-Image-Restoration-with-a-Normative-Prior/png_files/physionet/077,test
78,,physionet,M,33.0,,36,,,,,,False,D:/Mestrado/dados/Physionet/physionet_scans/ct_scans/078.nii,E:/unsupervised/unsupervised2/Unsupervised-Lesion-Detection-via-Image-Restoration-with-a-Normative-Prior/png_files/physionet/078,test
79,,physionet,M,2.0,,40,,,,,,False,D:/Mestrado/dados/Physionet/physionet_scans/ct_scans/079.nii,E:/unsupervised/unsupervised2/Unsupervised-Lesion-Detection-via-Image-Restoration-with-a-Normative-Prior/png_files/physionet/079,test
80,,physionet,M,60.0,,33,,,,,,False,D:/Mestrado/dados/Physionet/physionet_scans/ct_scans/080.nii,E:/unsupervised/unsupervised2/Unsupervised-Lesion-Detection-via-Image-Restoration-with-a-Normative-Prior/png_files/physionet/080,test
81,,physionet,M,17.0,,56,,,,,,False,D:/Mestrado/dados/Physionet/physionet_scans/ct_scans/081.nii,E:/unsupervised/unsupervised2/Unsupervised-Lesion-Detection-via-Image-Restoration-with-a-Normative-Prior/png_files/physionet/081,test
82,,physionet,M,49.0,,34,,,,,,False,D:/Mestrado/dados/Physionet/physionet_scans/ct_scans/082.nii,E:/unsupervised/unsupervised2/Unsupervised-Lesion-Detection-via-Image-Restoration-with-a-Normative-Prior/png_files/physionet/082,test
83,,physionet,M,30.0,,37,,,,,,False,D:/Mestrado/dados/Physionet/physionet_scans/ct_scans/083.nii,E:/unsupervised/unsupervised2/Unsupervised-Lesion-Detection-via-Image-Restoration-with-a-Normative-Prior/png_files/physionet/083,test
84,,physionet,M,18.0,,52,,,,,,False,D:/Mestrado/dados/Physionet/physionet_scans/ct_scans/084.nii,E:/unsupervised/unsupervised2/Unsupervised-Lesion-Detection-via-Image-Restoration-with-a-Normative-Prior/png_files/physionet/084,test
85,,physionet,M,0.002,,34,,,,,,False,D:/Mestrado/dados/Physionet/physionet_scans/ct_scans/085.nii,E:/unsupervised/unsupervised2/Unsupervised-Lesion-Detection-via-Image-Restoration-with-a-Normative-Prior/png_files/physionet/085,test
86,,physionet,F,4.0,,37,,,,,,False,D:/Mestrado/dados/Physionet/physionet_scans/ct_scans/086.nii,E:/unsupervised/unsupervised2/Unsupervised-Lesion-Detection-via-Image-Restoration-with-a-Normative-Prior/png_files/physionet/086,test
87,,physionet,F,3.0,,32,,,,,,False,D:/Mestrado/dados/Physionet/physionet_scans/ct_scans/087.nii,E:/unsupervised/unsupervised2/Unsupervised-Lesion-Detection-via-Image-Restoration-with-a-Normative-Prior/png_files/physionet/087,test
88,,physionet,M,22.0,,34,,,,,,False,D:/Mestrado/dados/Physionet/physionet_scans/ct_scans/088.nii,E:/unsupervised/unsupervised2/Unsupervised-Lesion-Detection-via-Image-Restoration-with-a-Normative-Prior/png_files/physionet/088,test
89,,physionet,M,16.0,,42,,,,,,False,D:/Mestrado/dados/Physionet/physionet_scans/ct_scans/089.nii,E:/unsupervised/unsupervised2/Unsupervised-Lesion-Detection-via-Image-Restoration-with-a-Normative-Prior/png_files/physionet/089,test
90,,physionet,M,6.0,,33,,,,,,False,D:/Mestrado/dados/Physionet/physionet_scans/ct_scans/090.nii,E:/unsupervised/unsupervised2/Unsupervised-Lesion-Detection-via-Image-Restoration-with-a-Normative-Prior/png_files/physionet/090,test
91,,physionet,F,57.0,,37,,,,,,False,D:/Mestrado/dados/Physionet/physionet_scans/ct_scans/091.nii,E:/unsupervised/unsupervised2/Unsupervised-Lesion-Detection-via-Image-Restoration-with-a-Normative-Prior/png_files/physionet/091,test
92,,physionet,M,70.0,,37,,,,,,False,D:/Mestrado/dados/Physionet/physionet_scans/ct_scans/092.nii,E:/unsupervised/unsupervised2/Unsupervised-Lesion-Detection-via-Image-Restoration-with-a-Normative-Prior/png_files/physionet/092,test
93,,physionet,M,21.0,,38,,,,,,False,D:/Mestrado/dados/Physionet/physionet_scans/ct_scans/093.nii,E:/unsupervised/unsupervised2/Unsupervised-Lesion-Detection-via-Image-Restoration-with-a-Normative-Prior/png_files/physionet/093,test
94,,physionet,M,16.0,,47,,,,,,False,D:/Mestrado/dados/Physionet/physionet_scans/ct_scans/094.nii,E:/unsupervised/unsupervised2/Unsupervised-Lesion-Detection-via-Image-Restoration-with-a-Normative-Prior/png_files/physionet/094,test
95,,physionet,F,11.0,,37,,,,,,False,D:/Mestrado/dados/Physionet/physionet_scans/ct_scans/095.nii,E:/unsupervised/unsupervised2/Unsupervised-Lesion-Detection-via-Image-Restoration-with-a-Normative-Prior/png_files/physionet/095,test
97,,physionet,M,33.0,,33,,,,,,False,D:/Mestrado/dados/Physionet/physionet_scans/ct_scans/097.nii,E:/unsupervised/unsupervised2/Unsupervised-Lesion-Detection-via-Image-Restoration-with-a-Normative-Prior/png_files/physionet/097,test
